year,km_driven,fuel,seller_type,transmission,owner,mileage,engine,max_power,seats,predicted_price
2010,168000,Diesel,Individual,Manual,First Owner,14.0,2498,112.0,7.0,611036.0066014433
2017,25000,Diesel,Individual,Manual,First Owner,21.5,1497,108.5,5.0,880440.844579814
2007,218463,Petrol,Individual,Automatic,First Owner,12.9,1799,130.0,5.0,805762.1477211439
2015,173000,Diesel,Individual,Manual,First Owner,25.1,1498,98.6,5.0,672326.4610227181
2011,70000,Petrol,Individual,Manual,Second Owner,16.5,1172,65.0,5.0,69793.09185103676
2019,12584,Diesel,Dealer,Manual,First Owner,16.55,2498,105.0,6.0,1019131.4379455112
2011,35000,Petrol,Individual,Manual,First Owner,18.0,995,62.0,5.0,112197.61566264369
2012,70000,Petrol,Individual,Manual,Second Owner,18.5,1197,85.8,5.0,313644.3663396932
2011,72000,Petrol,Individual,Manual,Second Owner,19.7,796,46.3,5.0,-104561.99248529924
2016,58000,Diesel,Individual,Manual,First Owner,19.67,1582,126.2,5.0,980400.3339497272
2018,49000,Diesel,Individual,Automatic,First Owner,22.0,1582,126.2,5.0,1367442.8478606287
2019,20000,Petrol,Dealer,Automatic,First Owner,22.37,2487,214.56,5.0,2352708.285963419
2017,24500,Diesel,Dealer,Manual,First Owner,25.8,1498,98.6,5.0,937536.4670853197
2009,110000,Petrol,Individual,Manual,First Owner,20.36,1197,78.9,5.0,190782.7133002167
2019,9500,Petrol,Individual,Manual,First Owner,18.16,1196,86.8,5.0,656721.1965483145
2017,17000,Petrol,Individual,Automatic,First Owner,9.5,3604,280.0,5.0,2747770.0297879064
2014,25000,Petrol,Individual,Manual,First Owner,16.02,1373,93.7,7.0,535204.0271959379
2012,185000,Diesel,Individual,Manual,Second Owner,19.4,1405,70.0,5.0,190186.88699164893
2014,62200,Petrol,Dealer,Manual,First Owner,17.0,1197,80.0,5.0,489840.84389063326
2011,35000,Petrol,Individual,Manual,First Owner,16.36,1495,93.7,5.0,426336.75734010106
2011,70000,Diesel,Individual,Manual,Second Owner,22.9,1248,74.0,5.0,265477.7650370272
2010,180000,Petrol,Individual,Manual,Second Owner,19.0,998,67.1,5.0,3810.8653297743294
2015,74000,Diesel,Individual,Manual,First Owner,19.67,1582,126.2,5.0,936167.0010774062
2015,20000,Petrol,Individual,Automatic,First Owner,21.9,624,37.48,4.0,872630.478272019
2017,40000,Diesel,Individual,Manual,First Owner,28.4,1248,74.02,5.0,595884.4882971438
2015,100581,Diesel,Dealer,Manual,First Owner,25.83,1498,99.0,5.0,830533.2015729456
2017,40000,Diesel,Individual,Manual,Second Owner,22.0,1582,126.2,5.0,991322.5112628452
2015,140000,Diesel,Individual,Manual,First Owner,16.0,2179,140.0,7.0,1052370.5671812883
2014,60000,Diesel,Individual,Manual,First Owner,24.0,1120,70.0,5.0,394868.8768524885
2016,80000,Diesel,Individual,Manual,Third Owner,21.19,1396,88.73,5.0,589259.8455162502
2019,5000,Diesel,Individual,Manual,First Owner,17.3,1497,121.0,7.0,1050042.521320393
2017,50000,Diesel,Individual,Automatic,First Owner,19.6,1461,108.45,5.0,1140134.3915576788
2012,138000,Diesel,Individual,Manual,Second Owner,12.8,2494,102.0,8.0,584950.5209344864
2013,60000,Petrol,Individual,Manual,Second Owner,14.09,1596,99.6,5.0,475417.6459094482
2012,150000,Diesel,Individual,Manual,First Owner,19.33,1248,83.1,nan,457733.90877681295
2013,120000,Petrol,Individual,Manual,Second Owner,18.0,1198,86.7,5.0,328485.0407305097
2019,25000,Petrol,Individual,Automatic,Fourth & Above Owner,20.3,1086,68.0,5.0,740070.4498927008
2012,90000,Diesel,Individual,Manual,First Owner,22.3,1248,74.0,5.0,339881.83873257064
2013,37000,Petrol,Dealer,Manual,First Owner,13.7,1399,98.79,7.0,634149.2516900401
2016,11000,Petrol,Dealer,Automatic,First Owner,14.3,1598,103.5,5.0,1102375.4817622567
2012,100000,Diesel,Individual,Manual,Third Owner,19.3,1248,73.9,5.0,272676.98764646787
2014,45000,Diesel,Individual,Manual,First Owner,19.09,1405,69.01,5.0,375437.4662536117
2011,60000,Petrol,Individual,Manual,Second Owner,20.36,1197,78.9,5.0,235011.73816431733
2014,76000,Diesel,Individual,Manual,Third Owner,24.0,1120,70.0,5.0,350071.1872524185
2017,110000,CNG,Individual,Manual,First Owner,26.6,998,58.16,5.0,362759.8887648785
2012,135000,Diesel,Individual,Manual,First Owner,15.96,2523,62.1,7.0,263492.7257991503
2011,160000,Diesel,Individual,Manual,Third Owner,20.86,1199,75.0,5.0,225038.554173377
2010,94000,Petrol,Individual,Manual,Second Owner,20.36,1197,78.9,5.0,181621.25071431883
2019,5500,Petrol,Individual,Manual,First Owner,15.37,1196,73.0,7.0,517988.419304667
2019,5000,Petrol,Individual,Manual,First Owner,19.5,1199,88.76,5.0,688060.6118314569
2014,62000,Petrol,Individual,Manual,First Owner,21.1,814,55.2,5.0,156117.85212007165
2010,80000,Petrol,Individual,Manual,Fourth & Above Owner,17.0,1197,80.0,5.0,186951.84154412756
2019,30000,Diesel,Individual,Manual,First Owner,28.4,1248,74.02,5.0,673159.0762246244
2014,90000,Diesel,Individual,Manual,First Owner,20.77,1248,88.8,7.0,542106.1024423304
2012,88000,Petrol,Individual,Manual,First Owner,17.5,1298,85.8,5.0,357542.6583883099
2018,20000,Petrol,Individual,Manual,First Owner,23.01,999,67.0,5.0,459332.01537052926
2012,40000,Petrol,Individual,Manual,First Owner,18.5,1197,85.8,5.0,382301.0860940411
2012,190000,Diesel,Individual,Manual,Third Owner,19.33,1248,83.1,nan,400726.67973983963
2012,120000,Petrol,Individual,Manual,First Owner,18.5,1197,82.85,5.0,314733.4623663293
2011,120000,Diesel,Individual,Manual,First Owner,19.4,1405,70.0,5.0,240555.54517709534
2017,25538,Petrol,Trustmark Dealer,Manual,First Owner,16.78,1496,88.73,5.0,620199.8473175181
2019,7500,Diesel,Dealer,Automatic,First Owner,16.78,1995,190.0,5.0,2106857.855825193
2017,25000,Petrol,Individual,Manual,First Owner,22.7,799,53.64,5.0,280940.80567362986
2013,70000,Petrol,Individual,Manual,First Owner,18.5,1197,82.85,5.0,376263.6427742633
2015,90000,Diesel,Individual,Manual,First Owner,21.19,1396,88.73,5.0,584736.8941452897
2018,60000,Diesel,Individual,Manual,First Owner,22.1,1396,88.7,5.0,715452.939811249
2008,90000,Petrol,Individual,Manual,First Owner,19.33,1248,83.1,nan,288444.93318855506
2014,48000,Diesel,Individual,Manual,First Owner,21.7,1498,98.96,5.0,675281.2295002905
2015,40000,Petrol,Individual,Manual,Second Owner,16.02,1373,93.7,7.0,510271.90950404
2018,20000,Petrol,Individual,Manual,First Owner,21.4,1197,83.1,5.0,608175.8666923023
2014,23000,Petrol,Individual,Manual,Second Owner,20.36,1197,78.9,5.0,362115.6978726996
2002,184000,Petrol,Individual,Manual,Second Owner,19.33,1248,83.1,nan,-29332.39788384759
2014,110000,Diesel,Individual,Manual,First Owner,22.54,1396,88.73,5.0,549515.5653626779
2019,9400,Petrol,Dealer,Manual,First Owner,18.6,1197,81.83,5.0,726930.6715671765
2006,120000,Diesel,Individual,Manual,Second Owner,14.0,2523,83.0,7.0,175489.71103639062
2018,2000,Diesel,Dealer,Automatic,First Owner,16.8,1984,150.0,5.0,1708544.0655852782
2013,60000,Petrol,Individual,Manual,Second Owner,22.74,796,47.3,5.0,7714.29029595945
2016,56494,Petrol,Trustmark Dealer,Manual,First Owner,18.2,1199,88.7,5.0,556639.6949119788
2016,120000,Diesel,Individual,Manual,Second Owner,24.4,1120,71.0,5.0,395518.86575439654
2015,110000,Diesel,Individual,Manual,First Owner,14.1,2179,147.94,7.0,1124403.9885211491
2015,50000,Diesel,Individual,Manual,First Owner,15.96,2523,62.1,7.0,415015.7643813392
2015,48000,Petrol,Dealer,Manual,First Owner,24.7,796,47.3,5.0,267187.80177663895
2017,18300,Petrol,Individual,Manual,First Owner,17.8,1497,117.3,5.0,878286.3800324299
2017,120000,Petrol,Individual,Automatic,First Owner,21.21,1197,81.8,5.0,799024.2252579418
2016,110000,Diesel,Individual,Manual,First Owner,19.67,1582,126.2,5.0,953946.3318364368
2017,25000,Petrol,Individual,Manual,First Owner,18.6,1197,81.83,5.0,535059.0265293419
2014,105000,Diesel,Dealer,Manual,First Owner,21.7,1498,98.96,5.0,758031.7379127215
2012,98000,Diesel,Individual,Manual,First Owner,25.44,936,57.6,5.0,187902.4075955171
2018,35000,Diesel,Individual,Manual,First Owner,22.71,1461,84.8,5.0,702688.6815311193
2018,60000,Diesel,Individual,Automatic,First Owner,15.04,2755,174.5,7.0,1843668.965612142
2007,70000,Petrol,Individual,Manual,First Owner,19.7,796,46.3,5.0,-194524.29506488028
2016,80000,Diesel,Individual,Manual,First Owner,24.3,1248,88.5,5.0,637778.2720768341
2012,163720,Diesel,Dealer,Manual,First Owner,18.5,1399,68.0,5.0,340108.68742122035
2017,40000,Petrol,Individual,Manual,Second Owner,20.3,1199,84.0,5.0,507864.30362549616
2017,62960,Diesel,Dealer,Manual,First Owner,25.83,1498,99.0,5.0,921859.4431998722
2019,4337,Petrol,Dealer,Automatic,First Owner,18.9,1197,82.0,5.0,1024720.1191213802
2015,53000,Diesel,Individual,Manual,First Owner,24.0,1120,70.0,5.0,434523.6324359708
2015,80000,Diesel,Individual,Manual,Second Owner,15.4,2179,120.0,7.0,842426.0854252855
2015,120000,Diesel,Individual,Manual,First Owner,13.0,2494,142.0,7.0,1080675.4239785257
2014,65000,Diesel,Dealer,Manual,First Owner,19.09,1405,69.01,5.0,477011.01463126874
2013,60000,Petrol,Individual,Manual,First Owner,21.1,814,55.2,5.0,121041.67382542812
2013,100000,Diesel,Individual,Manual,First Owner,22.3,1248,88.8,5.0,505689.37471194315
2018,75000,Diesel,Individual,Automatic,First Owner,21.5,1498,108.5,5.0,1182386.0815275481
2016,68089,Petrol,Trustmark Dealer,Automatic,First Owner,19.16,2494,157.7,5.0,1578840.5275975666
2004,113000,Petrol,Individual,Manual,Second Owner,19.7,796,46.3,5.0,-378075.4350907074
2014,50000,Petrol,Individual,Manual,First Owner,20.4,1197,81.8,5.0,428515.82729421963
2017,60000,Diesel,Individual,Manual,First Owner,28.4,1248,74.02,5.0,585709.8720997244
2014,80000,Petrol,Individual,Manual,Third Owner,16.02,1373,93.7,7.0,470565.8360109
2009,125876,Petrol,Individual,Manual,Second Owner,15.0,1586,104.68,5.0,350469.39511308447
2019,5000,Petrol,Individual,Automatic,First Owner,21.4,1197,83.1,5.0,943110.9472687702
2015,110000,Diesel,Individual,Manual,Second Owner,19.1,1405,70.0,5.0,334167.7447353074
2013,120000,Diesel,Individual,Manual,First Owner,23.59,1364,67.06,5.0,317067.11770064745
2017,110000,Diesel,Individual,Manual,Second Owner,28.4,1248,74.02,5.0,506878.536147957
2017,140000,Diesel,Individual,Manual,First Owner,14.07,2956,69.01,7.0,522515.51487888995
2005,90000,Petrol,Individual,Manual,Second Owner,17.3,993,60.0,5.0,-209838.94718450494
2007,70000,Petrol,Individual,Manual,Third Owner,15.9,1298,85.0,5.0,129194.41056313261
1995,70000,Petrol,Individual,Manual,First Owner,16.1,796,37.0,4.0,-204364.7927237302
2017,60000,Diesel,Individual,Automatic,Second Owner,17.01,1582,126.2,5.0,1231525.6570070933
2006,120000,Diesel,Individual,Manual,First Owner,19.33,1248,83.1,nan,256433.9935866294
2013,100000,Diesel,Individual,Manual,Second Owner,23.4,1248,74.0,5.0,326494.5751360367
2017,100000,Diesel,Individual,Manual,Second Owner,16.5,1493,70.0,7.0,404756.39274143276
2017,31000,Diesel,Individual,Manual,First Owner,25.4,1186,73.97,5.0,570644.0699157324
2017,26000,Petrol,Individual,Automatic,First Owner,18.0,1497,117.3,5.0,1167216.2131369887
2013,80000,Petrol,Individual,Manual,Second Owner,15.1,1196,73.0,5.0,200166.32286853204
2011,90000,Petrol,Individual,Manual,Third Owner,17.0,1197,80.0,5.0,219011.04641585296
2018,20000,Petrol,Individual,Manual,First Owner,18.6,1197,81.83,5.0,573696.3204930823
2018,10000,Petrol,Individual,Manual,First Owner,22.7,799,53.64,5.0,324665.4077360799
2012,80000,Petrol,Individual,Manual,First Owner,22.74,796,47.3,5.0,14840.82964237337
2008,100000,Diesel,Individual,Manual,Second Owner,11.5,1991,147.9,7.0,787201.2360156974
2010,148000,Diesel,Individual,Manual,Second Owner,19.09,1396,69.0,5.0,124478.82471052208
2009,90000,Petrol,Individual,Manual,Second Owner,0.0,1086,62.0,5.0,-181590.0483844718
2016,50000,Petrol,Individual,Manual,First Owner,20.4,1197,81.8,5.0,500703.1071229906
2013,90000,Diesel,Individual,Manual,Second Owner,19.4,1405,70.0,5.0,274609.9538437766
2012,215000,Diesel,Individual,Manual,First Owner,12.05,2179,120.0,7.0,691448.5562131027
2017,25000,Petrol,Individual,Manual,First Owner,21.63,998,67.0,5.0,409324.6477907344
2012,87000,Diesel,Individual,Manual,First Owner,20.77,1248,88.76,7.0,471080.68746435165
2012,120000,Diesel,Individual,Manual,Second Owner,21.03,1461,65.0,5.0,195400.48888826254
2017,70000,Diesel,Individual,Manual,First Owner,24.52,1248,88.5,7.0,688515.0907895085
2011,90000,Diesel,Individual,Manual,Fourth & Above Owner,19.3,1248,73.9,5.0,240617.78277474246
2017,60000,Diesel,Individual,Manual,Second Owner,16.5,1493,70.0,7.0,425105.6251362717
2011,175000,Petrol,Individual,Manual,Second Owner,19.7,796,46.3,5.0,-156961.26590200933
2012,40000,Diesel,Individual,Manual,First Owner,22.3,1248,74.0,5.0,365318.37922611926
2019,5621,Petrol,Trustmark Dealer,Automatic,First Owner,22.0,1197,81.8,5.0,950104.9849917672
2019,40000,Petrol,Individual,Manual,First Owner,21.21,1197,81.8,5.0,620699.4913623724
2012,30000,Petrol,Individual,Manual,First Owner,17.5,1298,85.8,5.0,387049.0453608262
2011,160000,Diesel,Individual,Manual,Second Owner,19.33,1248,83.1,nan,363158.165305499
2018,39000,Diesel,Dealer,Manual,First Owner,28.4,1248,74.0,5.0,744052.8598070664
2017,80000,Petrol,Individual,Manual,Second Owner,20.63,1198,67.0,5.0,335298.5512327398
2019,20000,Diesel,Individual,Automatic,First Owner,18.0,1969,190.0,5.0,1996714.5709338046
2005,53563,Petrol,Dealer,Manual,Second Owner,19.33,1248,83.1,nan,257054.00708152493
2013,50000,Petrol,Individual,Manual,First Owner,22.74,796,47.3,5.0,66196.39385288802
2018,70000,Petrol,Individual,Manual,First Owner,17.0,1198,108.5,5.0,778160.1975788057
2019,6000,Petrol,Individual,Manual,First Owner,19.0,1194,94.68,5.0,736992.6130563002
2004,60000,Petrol,Individual,Manual,Second Owner,19.7,796,46.3,5.0,-351112.7021675459
2014,120000,Diesel,Individual,Manual,First Owner,15.1,2179,140.0,7.0,1019086.9252448604
2011,181000,Diesel,Individual,Manual,Second Owner,11.5,2982,171.0,7.0,1141634.2186917202
2009,100000,Diesel,Individual,Manual,Second Owner,17.8,1248,75.0,5.0,145403.91380569583
2014,50000,Petrol,Individual,Manual,Third Owner,21.1,814,55.2,5.0,125564.6251963888
2017,63982,Diesel,Dealer,Manual,First Owner,22.7,1498,89.84,5.0,812295.9991767581
2011,120000,Diesel,Individual,Manual,Second Owner,19.3,1248,73.9,5.0,209671.93271857873
2012,48000,CNG,Individual,Manual,First Owner,13.2,1495,93.7,5.0,466483.6002095976
2016,39000,Diesel,Dealer,Manual,First Owner,19.67,1582,126.2,5.0,1101814.3839123521
2011,90000,Diesel,Individual,Manual,Second Owner,19.3,1248,73.9,5.0,224933.85701470776
2003,90000,Petrol,Individual,Manual,Second Owner,13.2,1495,94.0,5.0,33087.11200560676
2007,147500,Diesel,Individual,Manual,Second Owner,12.8,2494,102.0,7.0,358577.2512864225
2008,60000,Diesel,Individual,Manual,Second Owner,12.8,1995,52.0,5.0,-62732.11457864079
2016,90000,Diesel,Individual,Manual,First Owner,19.09,1405,69.01,5.0,424731.85963818897
2017,80000,Petrol,Individual,Manual,First Owner,18.16,1196,86.8,5.0,548668.3946236402
2004,150000,Diesel,Individual,Manual,Second Owner,13.6,2523,63.0,7.0,-97396.44615200465
2017,25000,Diesel,Individual,Manual,First Owner,26.59,1248,74.0,5.0,588522.2211255466
2004,93415,Diesel,Dealer,Manual,First Owner,13.1,2499,141.0,7.0,801016.5545829323
2019,15000,Diesel,Individual,Manual,Second Owner,28.4,1248,74.0,5.0,627213.0791250598
2010,106000,Petrol,Individual,Manual,Third Owner,20.36,1197,78.9,5.0,192253.27981195145
2013,70000,Diesel,Individual,Manual,Second Owner,22.07,1199,73.9,5.0,326157.11970748915
2015,90000,Petrol,Individual,Manual,First Owner,18.6,1197,81.83,5.0,429804.2440589579
2016,71000,Diesel,Individual,Manual,First Owner,18.49,1493,100.0,7.0,726340.4150612697
2006,100000,Petrol,Individual,Manual,Second Owner,17.7,1497,78.0,5.0,27528.101244801423
2017,31000,Petrol,Individual,Manual,Second Owner,21.1,814,55.2,5.0,226774.6315110093
2017,30000,Petrol,Individual,Manual,First Owner,18.6,1197,81.83,5.0,532515.3724799871
2006,93000,Petrol,Individual,Manual,Second Owner,16.1,1197,85.0,5.0,58456.18473136681
2017,60000,Diesel,Individual,Manual,First Owner,14.1,2179,147.94,7.0,1222027.8088434688
2017,90000,Diesel,Individual,Manual,First Owner,24.3,1248,88.5,5.0,668784.6038925098
2017,9000,Diesel,Dealer,Automatic,First Owner,13.6,1999,177.0,5.0,1889790.001674273
2015,75000,Diesel,Individual,Manual,First Owner,14.07,2956,69.01,7.0,483395.7376917322
2010,120000,Petrol,Individual,Manual,Third Owner,15.6,1196,70.0,5.0,65039.85570142872
2012,50000,Diesel,Individual,Manual,First Owner,15.96,2523,62.1,7.0,306734.8446381829
2013,300000,Diesel,Individual,Manual,First Owner,14.0,2498,112.0,8.0,693236.5868239938
2017,20000,Petrol,Individual,Manual,Second Owner,21.1,814,55.2,5.0,232370.67041959008
2010,70000,Petrol,Individual,Manual,Second Owner,19.81,1086,68.05,5.0,81886.18394347094
2010,86017,Diesel,Dealer,Manual,Second Owner,25.5,1498,99.23,5.0,603473.8856221773
2008,70000,Petrol,Individual,Manual,Second Owner,19.7,796,46.3,5.0,-211825.45060871379
2017,28000,Petrol,Individual,Manual,Second Owner,23.84,1199,84.0,5.0,542936.5716738317
2010,120000,Diesel,Individual,Manual,First Owner,21.1,1248,73.9,5.0,241702.32470133598
2018,15000,Petrol,Dealer,Manual,First Owner,22.0,1197,81.8,5.0,715536.7844846989
2015,150546,Petrol,Dealer,Manual,First Owner,22.0,1197,81.8,5.0,538299.4383867718
2019,20000,CNG,Individual,Manual,First Owner,32.26,998,58.3,4.0,1065771.169966653
2016,82000,Petrol,Individual,Manual,Third Owner,18.5,1197,85.8,5.0,468650.95509486756
2005,120000,Diesel,Individual,Manual,First Owner,12.8,2494,102.0,8.0,394846.9915696846
2019,40000,Diesel,Individual,Manual,First Owner,25.6,1498,97.9,5.0,882077.940330103
2014,50000,Diesel,Individual,Manual,First Owner,13.58,2499,72.4,9.0,491396.6411861607
2019,5621,Petrol,Trustmark Dealer,Automatic,First Owner,22.0,1197,81.8,5.0,950104.9849917672
2019,8500,Diesel,Dealer,Automatic,First Owner,16.78,1995,190.0,5.0,2106349.125015322
2013,32000,Petrol,Individual,Manual,First Owner,16.8,1497,116.3,5.0,709651.1096764002
2012,111000,Petrol,Individual,Manual,First Owner,19.7,796,46.3,5.0,-34914.058697663015
2014,132000,Diesel,Dealer,Manual,Second Owner,22.7,1498,89.84,5.0,616017.4317495793
2013,46000,Petrol,Individual,Manual,First Owner,18.2,1199,84.8,5.0,403934.59696461866
2014,50000,Petrol,Individual,Manual,First Owner,18.6,1197,85.8,5.0,450219.3487373758
2011,375000,Diesel,Individual,Manual,First Owner,12.8,2494,102.0,8.0,481682.4745388995
2012,80000,Diesel,Individual,Manual,Second Owner,19.33,1248,83.1,nan,439950.27000956226
2017,56290,Diesel,Dealer,Manual,First Owner,24.0,1186,73.97,5.0,658070.3595233421
2017,25000,Petrol,Individual,Manual,Second Owner,24.7,796,47.3,5.0,185932.9301991471
2017,45000,Diesel,Dealer,Automatic,First Owner,19.33,1999,177.0,5.0,1918363.7618494928
2018,12000,Diesel,Dealer,Manual,First Owner,16.55,2498,105.0,6.0,983334.8968240904
2016,100000,Diesel,Individual,Manual,First Owner,27.28,1047,69.0,5.0,458769.56883108313
2012,35000,Diesel,Individual,Manual,Second Owner,23.03,1396,69.0,5.0,286393.34803769086
2006,264000,Diesel,Individual,Manual,First Owner,12.8,2494,102.0,8.0,357683.3948626502
2012,80000,Diesel,Individual,Manual,Second Owner,22.32,1582,126.32,5.0,794216.5929550168
2018,13000,Petrol,Individual,Manual,First Owner,20.4,1194,94.93,5.0,711070.9776262778
2018,44000,Petrol,Individual,Manual,First Owner,15.37,1196,73.0,7.0,462308.64321024914
2013,70000,Petrol,Individual,Manual,Second Owner,18.6,1199,79.4,5.0,292419.2025817826
2010,55000,Petrol,Individual,Manual,Second Owner,19.81,1086,68.05,5.0,89517.14609153545
2018,75000,Diesel,Individual,Automatic,First Owner,21.5,1498,108.5,5.0,1182386.0815275481
2014,60000,Petrol,Individual,Manual,Second Owner,20.92,998,67.1,5.0,224944.30770668504
2016,70000,Diesel,Individual,Manual,First Owner,25.2,1248,74.0,5.0,518161.45107246505
2014,46000,Petrol,Individual,Manual,Second Owner,19.1,1197,81.86,5.0,367064.66457115975
2014,90000,Diesel,Individual,Manual,Second Owner,26.21,1248,88.5,5.0,522738.2451346596
2011,43500,Petrol,Individual,Manual,Second Owner,18.06,1198,75.0,5.0,189140.8255997477
2015,90000,Diesel,Individual,Manual,First Owner,22.77,1498,98.59,5.0,695393.8580680299
2011,46000,Petrol,Individual,Manual,First Owner,20.92,998,67.1,5.0,177180.41475994117
2014,25000,Petrol,Individual,Manual,First Owner,22.74,796,47.3,5.0,115008.30401404784
2017,50000,Diesel,Individual,Manual,First Owner,24.52,1248,88.5,7.0,698689.706986928
2018,30000,Diesel,Individual,Manual,First Owner,24.0,1186,73.97,5.0,595790.367854159
2012,120000,Diesel,Individual,Manual,Second Owner,13.5,2179,115.0,5.0,644951.827892115
2014,90000,Diesel,Individual,Manual,First Owner,22.9,1248,74.0,5.0,416978.8640409829
2016,52000,Diesel,Individual,Manual,First Owner,23.65,1248,88.5,5.0,646703.8438169431
2017,56290,Diesel,Dealer,Manual,First Owner,24.0,1186,73.97,5.0,658070.3595233421
2008,120000,Diesel,Individual,Manual,Fourth & Above Owner,17.88,1396,52.8,5.0,-75234.05615486205
2011,93500,Petrol,Dealer,Manual,Third Owner,17.0,1497,118.0,5.0,698387.5568999377
2016,68089,Petrol,Trustmark Dealer,Automatic,First Owner,19.16,2494,157.7,5.0,1578840.5275975666
2017,33000,Petrol,Dealer,Automatic,Second Owner,14.7,1798,177.5,5.0,1766693.2354487032
2009,60000,Diesel,Individual,Manual,Second Owner,17.88,1396,52.8,5.0,-24300.493408252834
2018,30000,Petrol,Individual,Manual,First Owner,25.17,799,53.3,5.0,331605.79267654044
2013,70000,Diesel,Individual,Manual,First Owner,25.8,1498,98.6,5.0,658266.4910035722
2017,25000,Petrol,Individual,Manual,First Owner,17.0,1497,121.31,5.0,904855.3960768915
2018,17601,Diesel,Dealer,Automatic,First Owner,16.25,1968,148.0,7.0,1684403.4637407449
2019,14000,Petrol,Individual,Automatic,First Owner,23.95,998,67.05,5.0,797758.2037035765
2015,50000,Petrol,Individual,Manual,First Owner,22.74,796,47.3,5.0,138383.67368165893
2009,110000,Petrol,Individual,Manual,Second Owner,20.36,1197,78.9,5.0,137387.91784199793
2013,60000,Diesel,Individual,Manual,First Owner,20.77,1248,88.8,7.0,521274.3868240741
2013,79328,Diesel,Trustmark Dealer,Manual,Second Owner,12.99,2494,100.6,7.0,612864.4354077124
2009,217000,Diesel,Individual,Manual,Fourth & Above Owner,12.8,2494,102.0,8.0,452163.79297155805
2014,106000,Diesel,Individual,Manual,First Owner,22.32,1582,126.32,5.0,906571.6671853613
2017,70000,Diesel,Individual,Manual,First Owner,28.4,1248,74.02,5.0,580622.5640010147
2015,110000,Diesel,Individual,Manual,First Owner,14.1,2179,147.94,7.0,1124403.9885211491
2010,190000,Diesel,Individual,Manual,Third Owner,16.2,1493,110.0,5.0,477169.0146590353
2014,50000,Diesel,Individual,Manual,Second Owner,14.0,2523,75.0,9.0,466983.7764961464
2009,90000,Diesel,Individual,Manual,Second Owner,13.93,2179,138.1,7.0,773606.2908315547
2014,86000,Diesel,Individual,Manual,Second Owner,14.0,2179,138.1,7.0,956682.2172822574
2016,30000,Petrol,Individual,Manual,First Owner,25.17,799,53.3,5.0,259418.51284776954
2019,9200,Petrol,Individual,Automatic,First Owner,23.84,1199,83.83,5.0,967744.8724904252
2015,92651,Diesel,Dealer,Manual,First Owner,21.7,1498,98.96,5.0,800407.6945982035
2017,30000,Diesel,Individual,Manual,First Owner,25.83,1498,99.0,5.0,826879.046118143
2011,80000,Diesel,Individual,Manual,First Owner,22.32,1582,126.32,5.0,811517.7484988502
2019,10000,Petrol,Individual,Manual,First Owner,18.6,1197,81.86,5.0,615150.514190293
2006,59000,Petrol,Individual,Manual,Second Owner,16.1,796,37.0,4.0,144866.4897848717
2009,125000,Petrol,Individual,Manual,Second Owner,13.5,1799,130.0,5.0,585801.40674029
2011,100000,Diesel,Individual,Manual,Second Owner,13.6,2523,63.0,7.0,180695.57374224206
2018,50000,Petrol,Individual,Manual,First Owner,23.84,1199,84.0,5.0,621232.9292292746
2017,15000,Petrol,Individual,Manual,Second Owner,21.1,814,55.2,5.0,234914.32446894492
2017,45000,Diesel,Dealer,Automatic,First Owner,19.33,1999,177.0,5.0,1918363.7618494928
2017,45000,Diesel,Dealer,Automatic,First Owner,19.33,1999,177.0,5.0,1918363.7618494928
2011,43000,Petrol,Dealer,Automatic,First Owner,13.4,1997,135.1,5.0,1217068.011462277
2016,70000,Diesel,Individual,Manual,Second Owner,24.52,1248,88.5,7.0,599026.6554169043
2016,30000,Petrol,Individual,Manual,Third Owner,23.01,999,67.0,5.0,345399.43080091407
2018,27620,Diesel,Dealer,Manual,First Owner,22.77,1498,98.59,5.0,947157.5703060138
2017,31596,Petrol,Dealer,Manual,First Owner,17.0,1497,121.36,5.0,1013703.3817035849
2017,20000,Petrol,Individual,Automatic,First Owner,18.0,1497,117.6,5.0,1173001.0548373703
2012,60000,Diesel,Individual,Manual,Second Owner,15.1,2179,140.0,7.0,924028.698550129
2015,52000,Diesel,Individual,Manual,First Owner,19.09,1405,69.01,5.0,407969.9904989004
2015,80000,Diesel,Individual,Manual,First Owner,22.54,1396,88.73,5.0,600871.1295731924
2013,189000,Diesel,Individual,Manual,First Owner,21.02,1248,88.76,5.0,449573.88136470434
2012,110000,Diesel,Individual,Manual,Second Owner,19.01,1461,108.45,5.0,579709.1530329424
2018,8576,Petrol,Dealer,Manual,First Owner,18.7,1199,88.7,5.0,754803.0964416296
2016,56494,Petrol,Trustmark Dealer,Manual,First Owner,18.2,1199,88.7,5.0,556639.6949119788
2008,93331,Petrol,Individual,Manual,Second Owner,19.81,1086,68.05,5.0,-2170.294410399627
2008,30000,Petrol,Individual,Manual,Second Owner,19.81,1086,68.05,5.0,30048.13650953886
2017,60000,Diesel,Individual,Manual,First Owner,16.5,1493,70.0,7.0,478500.42059449054
2010,44500,Petrol,Dealer,Manual,First Owner,16.47,1198,74.0,5.0,295562.39991721674
2011,291000,Diesel,Individual,Manual,Second Owner,12.8,2494,102.0,7.0,429948.9397274798
2016,56494,Petrol,Trustmark Dealer,Manual,First Owner,18.2,1199,88.7,5.0,556639.6949119788
2019,5621,Petrol,Trustmark Dealer,Automatic,First Owner,22.0,1197,81.8,5.0,950104.9849917672
2014,60000,Petrol,Individual,Manual,Second Owner,18.9,1197,82.0,5.0,359580.9979322918
2017,100000,Diesel,Individual,Manual,First Owner,23.65,1248,88.5,5.0,658378.4048575219
2013,120000,Diesel,Individual,Manual,First Owner,19.09,1396,69.0,5.0,300399.0025882843
2016,30000,Diesel,Individual,Manual,First Owner,27.3,1498,98.6,5.0,799171.0068406708
2003,68300,Petrol,Individual,Manual,Third Owner,19.33,1248,83.1,nan,82358.1955486933
2012,56000,Diesel,Individual,Manual,Second Owner,22.9,1248,74.0,5.0,308693.63628960634
2014,46100,Petrol,Dealer,Manual,First Owner,16.02,1373,93.7,7.0,636217.9716827369
2011,140000,Diesel,Individual,Manual,Second Owner,11.57,2179,138.1,7.0,801045.3646135211
2017,45000,Diesel,Dealer,Automatic,First Owner,19.33,1999,177.0,5.0,1918363.7618494928
2015,56975,Diesel,Individual,Manual,First Owner,16.0,2179,140.0,7.0,1094607.9426708259
2013,56000,Diesel,Dealer,Automatic,First Owner,11.2,2993,241.0,4.0,2899431.113217014
2015,75000,Diesel,Dealer,Manual,First Owner,19.87,1461,83.8,5.0,653459.0425607114
2009,80000,Petrol,Individual,Manual,First Owner,16.1,796,37.0,4.0,295858.85797895654
2017,70000,Diesel,Individual,Manual,Second Owner,15.96,2523,62.1,7.0,423633.63255447196
2016,35000,Diesel,Individual,Manual,First Owner,20.45,1461,83.8,5.0,602899.8375918459
2019,14000,Diesel,Individual,Manual,First Owner,16.5,1493,70.0,7.0,574089.317677326
2004,70000,Petrol,Individual,Manual,Second Owner,18.9,998,67.1,5.0,-157608.87598400493
2014,90000,Diesel,Individual,Manual,First Owner,23.4,1248,74.0,5.0,421070.3186073507
2015,40000,Petrol,Individual,Manual,First Owner,20.51,998,67.04,5.0,320705.87516405596
2016,29000,Petrol,Individual,Manual,First Owner,18.6,1197,81.83,5.0,496930.4633754726
2014,65204,Petrol,Trustmark Dealer,Automatic,First Owner,23.1,998,67.04,5.0,598435.2574734471
2019,20000,Petrol,Individual,Automatic,First Owner,17.4,1497,117.6,5.0,1240278.5891864998
2012,60000,Petrol,Individual,Manual,First Owner,19.4,1198,86.8,5.0,388676.936599483
2015,20000,Petrol,Individual,Manual,Second Owner,15.8,1499,110.0,5.0,669139.1789941507
2013,50000,Petrol,Individual,Manual,Second Owner,21.1,814,55.2,5.0,72734.18646591902
2012,80000,Diesel,Individual,Manual,Fourth & Above Owner,19.09,1396,69.0,5.0,246943.72537055355
2018,70000,Diesel,Individual,Manual,First Owner,20.65,1248,88.7,5.0,687006.8795639339
2015,50000,Diesel,Individual,Manual,First Owner,26.59,1248,74.0,5.0,503616.6710500015
2017,70000,Diesel,Individual,Manual,Second Owner,24.4,1120,71.0,5.0,457049.04616233055
2017,42000,Petrol,Individual,Manual,First Owner,23.84,1199,84.0,5.0,589209.1357938569
2016,40000,Petrol,Dealer,Automatic,First Owner,14.8,1591,121.3,5.0,1253295.9023274682
2016,20000,Petrol,Individual,Manual,First Owner,20.4,1197,81.8,5.0,515965.03141911974
2008,40000,Petrol,Individual,Manual,Fourth & Above Owner,12.85,1396,99.6,5.0,295129.3783945198
2016,63000,Diesel,Dealer,Manual,First Owner,15.3,2956,83.8,9.0,822116.7176197665
2011,120000,Diesel,Individual,Manual,Second Owner,14.0,2523,75.0,8.0,324164.52222652
2016,99000,Diesel,Dealer,Automatic,First Owner,21.66,1498,103.52,5.0,1165687.9087349982
2015,248000,Diesel,Individual,Manual,First Owner,24.8,1396,88.7,5.0,533624.4824707359
2017,45000,Diesel,Individual,Manual,First Owner,23.0,1498,98.96,5.0,795726.1235456159
2015,40000,Diesel,Individual,Manual,First Owner,24.52,1248,88.5,7.0,631589.7352568668
1999,60000,Petrol,Individual,Manual,Fourth & Above Owner,17.3,993,60.0,5.0,-395454.9366146538
2019,5621,Petrol,Trustmark Dealer,Automatic,First Owner,22.0,1197,81.8,5.0,950104.9849917672
2011,50000,Petrol,Individual,Manual,Third Owner,20.92,998,67.1,5.0,138487.4948783227
2008,40000,Diesel,Individual,Manual,First Owner,16.8,1405,62.0,5.0,78832.01071434398
2007,60000,Petrol,Individual,Manual,Third Owner,14.7,1150,76.0,5.0,30994.988561740494
2015,70000,Diesel,Individual,Manual,Second Owner,27.39,1248,74.0,5.0,446593.5867005517
2015,35000,Petrol,Individual,Manual,First Owner,18.6,1197,81.83,5.0,457784.43860186124
2013,25000,Diesel,Individual,Automatic,First Owner,14.84,2143,170.0,5.0,1583099.9633692927
2007,110000,Petrol,Individual,Manual,Second Owner,19.7,796,46.3,5.0,-268268.322917938
2011,97343,Diesel,Dealer,Manual,First Owner,18.8,1248,90.0,5.0,528891.6026201254
2011,80000,Diesel,Individual,Manual,Third Owner,15.1,2179,140.0,7.0,894497.2412544084
2012,70000,Diesel,Individual,Manual,First Owner,23.2,1248,73.94,5.0,356874.58178122086
2012,27000,Petrol,Individual,Manual,First Owner,20.36,1197,78.9,5.0,341288.2902626636
2016,32000,Petrol,Individual,Manual,First Owner,20.4,1197,81.8,5.0,509860.2617006681
2011,80000,Diesel,Individual,Manual,Second Owner,13.5,2179,115.0,5.0,629207.4203725684
2012,86000,Diesel,Individual,Manual,First Owner,21.12,1248,88.8,5.0,467062.1333591233
2018,25000,Petrol,Individual,Manual,First Owner,20.3,1086,68.0,5.0,450477.20116248145
2006,100000,Petrol,Individual,Manual,Second Owner,14.0,1061,64.0,5.0,-164122.64474898274
2014,29340,Diesel,Individual,Manual,First Owner,22.32,1582,126.32,5.0,945570.9710700699
2015,50000,Petrol,Individual,Manual,Second Owner,22.74,796,47.3,5.0,84988.87822344014
2017,45000,Diesel,Individual,Manual,First Owner,17.6,2179,153.86,7.0,1312219.4346215865
2017,47747,Diesel,Dealer,Manual,First Owner,28.09,1248,88.5,5.0,833041.3969901322
2019,15000,Diesel,Individual,Manual,First Owner,22.95,1248,74.0,5.0,636011.0198098698
2009,170000,Diesel,Individual,Manual,Second Owner,13.6,2523,63.0,7.0,72897.1372225032
2011,100000,Diesel,Individual,Manual,Second Owner,13.6,2523,63.0,7.0,180695.57374224206
2009,90000,Diesel,Individual,Manual,Second Owner,18.1,1493,110.0,5.0,490759.1842678603
2013,120000,Petrol,Individual,Manual,First Owner,15.64,1193,64.1,5.0,156334.79353732266
2014,76000,Diesel,Dealer,Manual,First Owner,22.54,1396,88.73,5.0,678560.5774733673
2017,33019,Diesel,Dealer,Manual,First Owner,13.68,2393,147.8,7.0,1359409.0997942258
2015,110000,Diesel,Individual,Manual,Second Owner,18.49,1493,100.0,7.0,617011.4781036975
2017,3564,Petrol,Individual,Manual,First Owner,23.95,998,67.05,5.0,439669.5600926011
2016,49900,Petrol,Dealer,Manual,First Owner,16.3,1797,147.5,5.0,1223955.6732755953
2011,120000,Diesel,Individual,Manual,Second Owner,10.5,2835,116.9,6.0,595645.4717105
2019,7000,Petrol,Individual,Manual,First Owner,21.63,998,67.0,5.0,490669.08219718287
2017,23000,Diesel,Dealer,Automatic,First Owner,17.9,2143,136.0,5.0,1555601.409170142
2016,70000,Petrol,Individual,Manual,Second Owner,19.44,1198,67.0,7.0,302310.1882394863
2016,66693,Petrol,Dealer,Manual,First Owner,25.17,799,53.3,5.0,352499.8178162504
2018,20000,Petrol,Individual,Manual,First Owner,24.7,796,47.3,5.0,277965.0196211061
2012,120000,Diesel,Individual,Manual,First Owner,15.96,2523,62.1,7.0,271123.6879472148
2018,38817,Diesel,Dealer,Manual,First Owner,27.39,1248,74.0,5.0,735881.2193212098
2012,120000,LPG,Individual,Manual,First Owner,21.1,814,55.2,5.0,205834.90090033156
2006,120000,Diesel,Individual,Manual,Third Owner,10.5,2179,120.0,8.0,514946.76524902
2011,110000,Petrol,Individual,Manual,First Owner,17.6,1496,88.73,5.0,353138.7112687649
2018,15000,Petrol,Individual,Manual,First Owner,21.1,998,100.5,5.0,751293.0012259015
2015,136000,Diesel,Individual,Manual,First Owner,19.01,1461,108.45,5.0,728157.8671776725
2011,103000,Diesel,Individual,Manual,Third Owner,20.0,1399,68.0,5.0,198773.38476409263
2015,26000,Petrol,Individual,Manual,First Owner,20.73,1373,91.1,5.0,577893.5150019072
2014,72000,Diesel,Dealer,Manual,First Owner,26.0,1498,98.6,5.0,806727.4156998394
2018,7800,Petrol,Individual,Manual,First Owner,20.3,1086,68.0,5.0,459227.3710922622
2016,22000,Petrol,Individual,Manual,First Owner,17.8,1497,117.3,5.0,840310.436121522
2017,40000,Diesel,Individual,Manual,First Owner,22.54,1396,88.73,5.0,693407.6417968022
2000,56194,Petrol,Individual,Manual,Fourth & Above Owner,16.1,796,37.0,4.0,-54583.92528890842
2009,54000,Petrol,Individual,Manual,First Owner,19.7,796,46.3,5.0,-114197.32227817387
2015,101500,Diesel,Individual,Manual,Second Owner,21.14,1498,103.52,5.0,667713.8904995996
2018,2000,Diesel,Dealer,Automatic,First Owner,16.8,1984,150.0,5.0,1708544.0655852782
2015,55000,Diesel,Dealer,Manual,First Owner,24.4,1120,71.0,5.0,557635.6885149195
2019,20000,Petrol,Dealer,Automatic,First Owner,22.37,2487,214.56,5.0,2352708.285963419
2015,110000,Diesel,Individual,Manual,First Owner,16.0,2179,140.0,7.0,1067632.4914774175
2011,110000,Diesel,Individual,Manual,Second Owner,12.05,2179,120.0,8.0,696448.9832593128
2017,52236,Diesel,Dealer,Manual,First Owner,15.4,2179,120.0,7.0,1093880.7274926093
2015,38000,Petrol,Individual,Automatic,Second Owner,23.95,998,67.05,5.0,587779.3091509126
2014,126000,Diesel,Individual,Manual,First Owner,12.05,2179,120.0,7.0,808912.87812039
2015,110000,Diesel,Individual,Manual,First Owner,14.1,2179,147.94,7.0,1124403.9885211491
2012,100000,Diesel,Individual,Manual,Second Owner,23.4,1248,74.0,5.0,290400.93522165134
2002,120000,Diesel,Individual,Manual,First Owner,14.07,2956,83.1,7.0,119619.92200015509
2007,80000,Petrol,Individual,Manual,Second Owner,18.2,1061,64.0,5.0,-83486.17027968843
2016,11000,Petrol,Dealer,Automatic,First Owner,14.3,1598,103.5,5.0,1102375.4817622567
2015,60000,Petrol,Individual,Manual,First Owner,23.1,998,67.04,5.0,331724.99362042174
2014,70000,Diesel,Individual,Manual,First Owner,25.2,1248,74.0,5.0,445974.17124369415
2019,10000,Diesel,Individual,Automatic,First Owner,21.5,1497,108.5,5.0,1251469.5650706673
2011,120000,Diesel,Individual,Manual,First Owner,23.03,1396,69.0,5.0,260452.38474249165
2016,50000,Diesel,Individual,Manual,First Owner,24.52,1248,88.5,7.0,662596.0670725425
1999,80000,Petrol,Individual,Manual,Third Owner,16.1,796,37.0,4.0,-101735.5378070327
2014,43381,Petrol,Dealer,Manual,Second Owner,22.74,796,47.3,5.0,164010.69211466704
2016,40000,Diesel,Individual,Manual,First Owner,24.8,1396,88.7,5.0,675534.1308382836
2010,50000,Petrol,Individual,Manual,Third Owner,26.0,624,35.0,4.0,359993.4968051361
2019,3500,Petrol,Dealer,Automatic,First Owner,18.15,998,118.35,5.0,1334637.2886501104
2010,30000,Petrol,Individual,Manual,First Owner,15.6,1196,70.0,5.0,147483.62523195078
2008,152500,Diesel,Individual,Manual,First Owner,17.8,1248,75.0,5.0,135996.7018313032
2018,9500,Diesel,Individual,Manual,First Owner,21.5,1497,108.5,5.0,924419.8120471996
2005,49455,Petrol,Individual,Manual,First Owner,19.7,796,46.3,5.0,-256259.70040485216
2010,90000,Diesel,Individual,Manual,Second Owner,23.0,1396,90.0,5.0,377252.3652729554
2016,100000,Petrol,Individual,Manual,Third Owner,15.37,1196,73.0,7.0,324974.4413865693
2003,80000,Petrol,Individual,Manual,Third Owner,14.2,1597,92.0,5.0,52798.96842578647
2012,90000,Diesel,Individual,Manual,Third Owner,19.4,1405,70.0,5.0,255253.1127454755
2019,16500,Petrol,Dealer,Manual,First Owner,17.0,1197,110.0,5.0,966803.7255892653
2014,120000,Diesel,Individual,Manual,Second Owner,23.4,1248,74.0,5.0,352413.59885300277
2014,65000,Diesel,Individual,Manual,Second Owner,15.96,2523,62.1,7.0,317896.3668606704
2017,25000,Diesel,Individual,Manual,First Owner,24.3,1248,88.5,5.0,701852.106534123
2010,155000,Petrol,Individual,Manual,Second Owner,15.5,1586,103.3,5.0,363268.91201783787
2012,129627,Diesel,Dealer,Manual,First Owner,11.5,2982,171.0,7.0,1369005.8465349022
2012,120000,Diesel,Individual,Manual,Second Owner,20.54,1598,103.6,5.0,553606.2617397622
2012,54000,Diesel,Individual,Manual,First Owner,20.0,1399,68.0,5.0,296452.83100429026
2005,100000,Petrol,Individual,Manual,Fourth & Above Owner,19.7,796,46.3,5.0,-319684.36888796464
2014,120000,Diesel,Individual,Manual,First Owner,22.3,1248,74.0,5.0,396807.1942652124
2007,120000,Diesel,Individual,Manual,Third Owner,17.2,1396,53.5,5.0,-109463.46859409404
2015,173000,Diesel,Individual,Manual,First Owner,16.0,2179,140.0,7.0,1035582.4504555464
2011,80000,Diesel,Individual,Manual,Second Owner,12.05,2179,120.0,9.0,710638.085390944
2013,57000,Petrol,Individual,Manual,Second Owner,20.51,998,67.04,5.0,186475.3761092599
2015,40000,Petrol,Individual,Manual,First Owner,20.51,998,67.04,5.0,320705.87516405596
2019,60000,Petrol,Individual,Manual,First Owner,20.14,1197,81.86,5.0,602315.6537611572
2016,56494,Petrol,Trustmark Dealer,Manual,First Owner,18.2,1199,88.7,5.0,556639.6949119788
2017,42000,Petrol,Individual,Manual,First Owner,23.84,1199,84.0,5.0,589209.1357938569
2006,42500,Petrol,Individual,Manual,First Owner,19.7,796,46.3,5.0,-216627.83770781406
2017,46000,Petrol,Individual,Manual,First Owner,21.4,1197,83.1,5.0,558855.2257212715
2014,60000,Petrol,Individual,Manual,Second Owner,19.4,1198,86.8,5.0,407469.42097003513
2011,100000,Diesel,Individual,Manual,First Owner,18.3,1991,147.9,5.0,996765.1026292968
2013,75010,Diesel,Dealer,Automatic,First Owner,13.73,1995,148.0,5.0,1448449.7687478054
2013,110000,Diesel,Individual,Manual,Second Owner,13.7,2179,138.1,7.0,905924.165191148
2017,60000,Diesel,Individual,Manual,First Owner,21.38,1396,88.7,5.0,673467.6053212939
2019,20000,Diesel,Individual,Automatic,First Owner,18.0,1969,190.0,5.0,1996714.5709338046
2011,120000,Diesel,Individual,Manual,Fourth & Above Owner,13.6,2523,63.0,7.0,186204.8833048573
2020,5000,Petrol,Individual,Manual,First Owner,22.05,796,47.3,5.0,336098.55239619245
2012,80000,Petrol,Individual,Manual,Second Owner,21.1,814,55.2,5.0,21378.62225540448
2008,100000,Petrol,Individual,Manual,Third Owner,17.3,1061,64.0,5.0,-48194.96596610022
2013,35000,Diesel,Individual,Automatic,Second Owner,17.68,1968,174.33,5.0,1573705.4549028047
2016,54000,Diesel,Individual,Manual,Second Owner,24.52,1248,88.5,7.0,607166.3483748399
2017,120000,Diesel,Individual,Manual,First Owner,18.49,1493,100.0,7.0,737506.2452919774
2010,35000,Petrol,Individual,Automatic,Second Owner,10.93,2497,204.0,5.0,1666073.2333941967
2017,8000,Petrol,Individual,Manual,First Owner,21.1,814,55.2,5.0,291870.2355962605
2016,80000,Diesel,Individual,Manual,First Owner,26.0,1498,98.6,5.0,763096.684474566
2019,15000,Petrol,Individual,Manual,First Owner,17.0,1591,121.3,5.0,989338.8493203225
2011,70000,Petrol,Individual,Manual,First Owner,16.36,1495,93.7,5.0,408531.17899461696
2012,116000,Petrol,Individual,Manual,First Owner,15.0,1598,103.5,5.0,507353.58037208347
2014,40000,Petrol,Individual,Manual,First Owner,19.0,998,66.1,5.0,263694.34435695084
2012,120000,Diesel,Individual,Manual,Third Owner,19.09,1396,69.0,5.0,227647.36603176442
2017,41000,Diesel,Dealer,Manual,First Owner,20.5,1582,126.2,5.0,1143682.376787166
2016,49900,Petrol,Dealer,Manual,First Owner,16.3,1797,147.5,5.0,1223955.6732755953
2015,80000,Diesel,Individual,Manual,First Owner,26.59,1248,74.0,5.0,488354.7467538724
2019,10000,Petrol,Individual,Manual,First Owner,19.0,1194,94.68,5.0,734957.6898168165
2017,32331,Diesel,Individual,Manual,Second Owner,22.54,1396,88.73,5.0,643914.3029194839
2013,79328,Diesel,Trustmark Dealer,Manual,Second Owner,12.99,2494,100.6,7.0,612864.4354077124
2014,26000,Petrol,Individual,Automatic,First Owner,19.34,1198,76.0,5.0,670512.1216483044
2017,60000,Diesel,Individual,Manual,Second Owner,16.55,2498,105.0,6.0,757679.218002603
2019,7500,Petrol,Individual,Automatic,First Owner,21.21,1197,81.8,5.0,928443.721197197
2015,170000,Diesel,Individual,Manual,First Owner,12.99,2494,100.6,7.0,678078.0103141197
2014,100000,Petrol,Individual,Manual,First Owner,19.81,1086,68.05,5.0,264393.61476310226
2015,50000,Diesel,Individual,Manual,First Owner,12.99,2494,100.6,8.0,780197.8348809988
2015,126000,Diesel,Individual,Manual,First Owner,21.19,1396,88.73,5.0,566422.5849899347
2009,214000,Petrol,Individual,Manual,Second Owner,13.9,1599,103.2,5.0,284166.24792906723
2014,110000,Diesel,Individual,Manual,Second Owner,26.0,1498,98.6,5.0,622252.6848914472
2009,56000,Petrol,Dealer,Manual,Second Owner,19.33,1248,83.1,nan,400188.7897554112
2009,70000,Petrol,Individual,Manual,Third Owner,19.7,796,46.3,5.0,-158995.0118782441
2018,35000,Petrol,Individual,Manual,First Owner,20.3,1199,84.0,5.0,599896.3930474552
2018,5000,Petrol,Individual,Manual,First Owner,22.0,1197,81.8,5.0,608875.9280083322
2005,140000,Petrol,Individual,Manual,Second Owner,18.9,998,67.1,5.0,-157126.39276058762
2003,120000,Diesel,Individual,Manual,Second Owner,10.5,2179,120.0,7.0,348856.9193074169
2017,55000,Petrol,Individual,Manual,First Owner,20.85,1197,83.14,5.0,550140.3759882491
2009,105000,Petrol,Individual,Automatic,Second Owner,12.9,1799,130.0,5.0,882276.755972086
2016,20000,Petrol,Individual,Manual,First Owner,20.4,1197,81.8,5.0,515965.03141911974
2012,120000,Diesel,Individual,Manual,Second Owner,19.0,1405,71.0,5.0,229089.41545068787
2013,44500,Diesel,Individual,Manual,Second Owner,20.46,1461,83.8,5.0,436473.00878802384
2017,32000,Diesel,Dealer,Manual,First Owner,24.3,1248,88.5,5.0,810039.1554401026
2015,110000,Diesel,Individual,Manual,First Owner,21.64,1461,84.8,5.0,547497.2382756129
2017,20000,Diesel,Individual,Manual,First Owner,14.1,2179,147.94,7.0,1242377.0412383075
2018,17000,Diesel,Individual,Manual,First Owner,23.0,1498,98.96,5.0,846064.2261363886
2016,49600,Diesel,Individual,Manual,Second Owner,25.32,1198,77.0,6.0,442654.46968729433
2016,13500,Petrol,Individual,Manual,First Owner,18.9,1197,82.0,5.0,508819.0558782817
2016,46000,Diesel,Dealer,Automatic,First Owner,18.25,1968,187.74,5.0,1968338.3747760088
2011,90000,Diesel,Individual,Manual,Second Owner,20.0,1399,68.0,5.0,188650.0864763311
2014,139000,Diesel,Individual,Automatic,First Owner,11.79,2179,120.0,8.0,1132454.4271139365
2017,77524,Diesel,Dealer,Manual,First Owner,22.7,1498,89.84,5.0,805406.7665494855
2013,37500,Diesel,Individual,Manual,Second Owner,20.77,1248,88.8,7.0,479326.03458795213
2015,40000,Petrol,Dealer,Manual,First Owner,18.9,1197,82.0,5.0,570992.2140773919
2013,120000,Diesel,Individual,Manual,First Owner,21.64,1461,84.8,5.0,470222.65034813236
2018,22000,Diesel,Individual,Manual,First Owner,21.03,1461,65.0,5.0,515212.7432001492
2010,70000,Petrol,Individual,Manual,Third Owner,14.7,1150,76.0,5.0,134188.6002061871
2016,60000,Petrol,Individual,Manual,Second Owner,20.85,1197,83.14,5.0,458108.28656628984
2014,78000,Diesel,Dealer,Manual,Second Owner,15.05,2179,147.9,7.0,1170352.5397367706
2012,31000,Petrol,Individual,Manual,First Owner,18.9,998,67.1,5.0,204375.54037426529
2015,72000,Diesel,Individual,Manual,First Owner,22.54,1396,88.73,5.0,604940.9760521601
2017,90000,Petrol,Individual,Manual,First Owner,15.37,1196,73.0,5.0,395057.75535142154
2017,68000,Petrol,Individual,Manual,Second Owner,23.84,1199,84.0,5.0,522587.33927899285
2011,172000,Diesel,Individual,Manual,Second Owner,17.88,1396,52.8,5.0,-9091.064285030821
2017,36000,Diesel,Dealer,Manual,First Owner,13.68,2393,147.8,8.0,1398964.7006323629
2015,91000,Diesel,Individual,Manual,Third Owner,24.4,1120,71.0,5.0,390915.2181423536
2017,65000,Petrol,Individual,Manual,Second Owner,20.51,998,67.04,5.0,326780.0892878339
2013,20000,Petrol,Individual,Manual,First Owner,21.1,814,55.2,5.0,141390.90622026706
2011,28100,Petrol,Individual,Manual,First Owner,19.33,1248,83.1,nan,428216.2900627246
2017,7000,Petrol,Dealer,Automatic,Second Owner,14.53,1794,138.1,5.0,1419355.840762776
2013,212000,Diesel,Individual,Manual,First Owner,21.64,1461,84.8,5.0,423419.41584000294
2010,80000,Petrol,Individual,Manual,Fourth & Above Owner,19.7,796,46.3,5.0,-129041.55311861797
1999,65000,Petrol,Individual,Manual,Fourth & Above Owner,15.9,1298,85.0,5.0,-158063.92775864573
2016,80000,Petrol,Individual,Manual,Second Owner,18.9,1197,82.0,5.0,421593.66156364325
2012,50000,Petrol,Individual,Manual,First Owner,20.92,998,67.1,5.0,211239.1314348427
2019,7500,Diesel,Dealer,Automatic,First Owner,16.78,1995,190.0,5.0,2106857.855825193
2018,30000,Diesel,Individual,Manual,First Owner,25.5,1498,98.6,5.0,856629.0502305178
2016,80000,Diesel,Individual,Automatic,First Owner,10.91,3198,197.0,7.0,1966848.860659992
2015,60000,Petrol,Individual,Manual,First Owner,25.4,624,37.48,4.0,589710.9493277366
2018,60000,Petrol,Individual,Manual,First Owner,18.15,1198,82.0,6.0,494376.9688995378
2017,37000,Diesel,Dealer,Automatic,First Owner,13.5,2987,254.79,5.0,2659980.411721131
2018,35000,Petrol,Individual,Manual,First Owner,20.3,1199,84.0,5.0,599896.3930474552
2016,30000,Diesel,Individual,Manual,First Owner,24.0,1120,70.0,5.0,482318.0809773886
2018,44000,Diesel,Individual,Automatic,First Owner,17.01,1582,126.2,5.0,1329153.7853376332
2011,105000,Diesel,Individual,Manual,Second Owner,21.9,1396,90.0,5.0,396713.8429932671
2016,42163,Diesel,Dealer,Automatic,Second Owner,11.36,2755,171.5,7.0,1781471.6123358705
2007,73257,Petrol,Individual,Manual,First Owner,16.1,796,37.0,4.0,227101.95000114548
2009,70000,Petrol,Individual,Manual,Fourth & Above Owner,19.7,796,46.3,5.0,-160047.88493429357
2017,50000,Diesel,Individual,Manual,First Owner,27.3,1498,98.6,5.0,825090.0305576369
2017,40000,Petrol,Individual,Automatic,First Owner,19.0,1199,88.7,5.0,884640.286236621
2016,65000,Petrol,Individual,Manual,Second Owner,22.74,796,47.3,5.0,113451.55598976102
2016,120000,Diesel,Individual,Manual,Third Owner,26.59,1248,74.0,5.0,467441.1576312844
2016,53000,Diesel,Dealer,Manual,First Owner,22.54,1396,88.73,5.0,762448.6659291706
2016,56494,Petrol,Trustmark Dealer,Manual,First Owner,18.2,1199,88.7,5.0,556639.6949119788
2010,48000,Petrol,Individual,Manual,First Owner,15.8,1172,65.0,5.0,92558.28881911654
2013,120000,Petrol,Individual,Manual,First Owner,18.5,1197,82.85,5.0,350827.10228071467
2013,58343,Petrol,Trustmark Dealer,Manual,First Owner,21.79,998,67.05,5.0,263993.0120623901
2008,80000,LPG,Individual,Manual,Second Owner,17.3,1061,57.5,5.0,37450.335438401904
2016,56494,Petrol,Trustmark Dealer,Manual,First Owner,18.2,1199,88.7,5.0,556639.6949119788
2011,80000,Diesel,Individual,Manual,Third Owner,11.57,2179,138.1,7.0,848306.0120218636
2018,20000,Petrol,Individual,Automatic,First Owner,23.0,999,67.0,5.0,750460.6647932199
2013,60000,Petrol,Individual,Manual,Fourth & Above Owner,22.74,796,47.3,5.0,23398.216055994155
2017,40000,Petrol,Individual,Manual,First Owner,16.8,796,34.2,8.0,96562.25736961747
2014,121000,Petrol,Dealer,Manual,First Owner,19.1,1197,82.0,5.0,495327.9603900049
1998,110000,Petrol,Individual,Manual,Third Owner,13.1,1598,77.0,5.0,-288477.5385332005
2014,100000,Petrol,Individual,Manual,First Owner,23.95,998,67.05,5.0,282328.6759687277
2013,100600,Diesel,Individual,Manual,Third Owner,20.46,1461,83.8,5.0,424670.00917034654
2011,90000,Diesel,Individual,Manual,Second Owner,13.55,2179,118.35,7.0,662797.3231471151
2013,70000,Diesel,Individual,Manual,Second Owner,21.9,1396,88.76,5.0,475412.54622407723
2011,100000,Petrol,Individual,Manual,Second Owner,15.37,1196,73.0,7.0,127769.44299855782
2017,30000,Petrol,Individual,Automatic,Second Owner,23.1,998,67.04,5.0,656989.8808011209
2013,68000,Diesel,Individual,Manual,First Owner,22.1,1248,76.9,5.0,411944.7241020786
2010,83585,Diesel,Dealer,Manual,First Owner,21.43,1364,87.2,5.0,504823.64718358393
2015,87847,Diesel,Dealer,Manual,First Owner,28.4,1248,74.0,5.0,610921.9661941426
2017,30000,Petrol,Individual,Manual,First Owner,18.6,1197,81.83,5.0,532515.3724799871
2019,22000,Petrol,Individual,Manual,First Owner,17.0,1197,110.0,5.0,852257.5415598986
2011,93500,Diesel,Individual,Manual,Second Owner,18.6,1388,67.0,5.0,165451.0172437604
2018,47000,Petrol,Dealer,Manual,Second Owner,16.02,1373,93.7,7.0,726739.878153176
2017,50000,Diesel,Individual,Manual,First Owner,17.1,1956,170.0,5.0,1427516.9134975926
2018,25000,Petrol,Individual,Manual,First Owner,18.6,1197,81.83,5.0,571152.6664437274
2012,58400,Diesel,Individual,Manual,Second Owner,19.3,1248,73.9,5.0,277103.390521016
2017,70000,Diesel,Individual,Manual,First Owner,18.49,1493,100.0,7.0,762942.785785526
2017,80000,Diesel,Individual,Manual,First Owner,22.54,1396,88.73,5.0,673058.4094019633
2019,15000,Diesel,Individual,Manual,First Owner,25.1,1248,88.5,5.0,785673.0217677921
2010,56000,Petrol,Individual,Manual,Third Owner,17.92,1086,62.1,5.0,36085.78848728433
2007,63000,Petrol,Individual,Automatic,Third Owner,18.9,1061,67.0,5.0,266162.1356226953
2011,65000,Petrol,Individual,Automatic,Third Owner,12.6,1586,103.3,5.0,729365.1656657797
2016,50000,Diesel,Individual,Manual,First Owner,18.49,1493,100.0,7.0,737023.7620685601
2010,60000,Petrol,Individual,Manual,First Owner,15.26,1150,74.9,5.0,170497.32564379124
2015,160000,Diesel,Individual,Manual,Second Owner,13.5,2477,178.0,7.0,1337597.4684116093
2018,25000,Petrol,Individual,Manual,First Owner,23.84,1199,84.0,5.0,633951.1994760489
2018,5500,Petrol,Individual,Manual,First Owner,17.4,1497,117.6,5.0,920351.0675012255
2015,39000,Petrol,Dealer,Manual,First Owner,17.4,1497,117.3,5.0,904043.3733613121
2009,140000,Diesel,Individual,Manual,Second Owner,13.8,1399,68.0,5.0,40292.229531051125
2001,70000,Petrol,Individual,Manual,Second Owner,19.33,1248,83.1,nan,-7430.72547294246
2017,26000,Petrol,Individual,Automatic,First Owner,19.34,1198,76.0,5.0,778793.0413914607
2008,120000,Diesel,Individual,Manual,Fourth & Above Owner,12.7,2609,120.0,8.0,637476.9476518654
2007,260000,Diesel,Individual,Manual,Third Owner,12.8,2494,102.0,7.0,318081.83399202244
2012,60000,Petrol,Individual,Manual,Third Owner,19.33,1248,83.1,nan,411423.4205000915
2012,125000,Diesel,Individual,Manual,Second Owner,21.43,1364,87.2,5.0,390798.8804882532
2011,140000,Petrol,Individual,Automatic,Second Owner,14.4,1598,103.6,5.0,692867.1575440044
2018,2000,Diesel,Dealer,Automatic,First Owner,16.8,1984,150.0,5.0,1708544.0655852782
2015,35000,Petrol,Individual,Manual,First Owner,18.6,1197,81.83,5.0,457784.43860186124
2008,95200,Petrol,Individual,Manual,Third Owner,13.2,1495,94.0,5.0,227646.71018228924
2017,80000,Diesel,Individual,Manual,First Owner,16.5,1493,70.0,7.0,468325.80439707113
2018,2000,Diesel,Dealer,Automatic,First Owner,16.8,1984,150.0,5.0,1708544.0655852782
2011,119000,Diesel,Individual,Manual,Second Owner,16.52,1991,123.7,5.0,698720.658340675
2016,110000,Petrol,Individual,Manual,First Owner,21.1,814,55.2,5.0,203886.0530750358
2014,25000,Petrol,Individual,Manual,First Owner,21.1,814,55.2,5.0,174940.8920852975
2016,11000,Petrol,Dealer,Automatic,First Owner,14.3,1598,103.5,5.0,1102375.4817622567
2015,61000,Diesel,Dealer,Manual,Second Owner,22.71,1461,84.8,5.0,639534.1298481752
2012,70000,Diesel,Individual,Manual,Second Owner,23.2,1248,73.94,5.0,303479.7863230021
2014,25000,Diesel,Individual,Manual,First Owner,15.4,2179,120.0,9.0,927706.7407298869
2015,50000,Petrol,Individual,Manual,Second Owner,20.51,998,67.04,5.0,262223.7716071275
2003,36088,Petrol,Individual,Manual,First Owner,16.1,796,37.0,4.0,101636.40581569774
2013,110000,Diesel,Individual,Manual,Second Owner,21.27,1396,88.76,5.0,449908.0810756149
2018,38817,Diesel,Dealer,Manual,First Owner,27.39,1248,74.0,5.0,735881.2193212098
2018,2000,Diesel,Dealer,Automatic,First Owner,16.8,1984,150.0,5.0,1708544.0655852782
2015,135000,Diesel,Individual,Manual,First Owner,22.77,1498,98.59,5.0,672500.9716238361
2017,113000,Diesel,Individual,Manual,First Owner,25.83,1498,99.0,5.0,784654.3888988524
2019,8500,Diesel,Dealer,Automatic,First Owner,16.78,1995,190.0,5.0,2106349.125015322
2012,120000,Petrol,Individual,Manual,First Owner,18.5,1197,82.85,5.0,314733.4623663293
2013,120000,Diesel,Individual,Manual,Fourth & Above Owner,22.9,1248,74.0,5.0,327912.4301322842
2012,70000,Diesel,Individual,Manual,Second Owner,25.44,936,57.6,5.0,148752.0748136856
2013,40000,Petrol,Individual,Manual,First Owner,21.1,814,55.2,5.0,131216.29002284748
2015,60000,Diesel,Individual,Manual,First Owner,13.93,2179,138.03,7.0,1058187.276809279
2019,7032,Petrol,Trustmark Dealer,Automatic,First Owner,19.0,1199,88.76,5.0,988386.7551614108
2014,90000,Diesel,Individual,Manual,First Owner,25.0,1396,69.0,5.0,400115.5597732661
2008,120000,Diesel,Individual,Manual,Third Owner,14.8,1998,68.0,5.0,85810.66247761517
2018,7000,Petrol,Individual,Manual,First Owner,22.5,999,67.0,5.0,461772.2322411566
2016,120000,Petrol,Individual,Manual,Second Owner,17.19,1197,81.86,5.0,385976.5080259538
2016,120000,Diesel,Individual,Automatic,First Owner,11.36,2755,171.5,7.0,1683520.163171086
2007,38000,Petrol,Individual,Manual,Second Owner,15.3,1193,65.3,5.0,-63758.2767382951
2003,120000,Diesel,Individual,Manual,Third Owner,12.7,2609,116.6,8.0,427093.77693621966
2013,18000,Diesel,Individual,Manual,First Owner,15.1,2179,140.0,7.0,1034883.827937314
2018,13887,Petrol,Individual,Manual,First Owner,17.0,1591,121.3,5.0,953811.4267973234
2017,28000,Petrol,Individual,Manual,First Owner,25.17,799,53.3,5.0,296529.6143818969
2016,40000,Petrol,Individual,Manual,First Owner,16.8,796,34.2,5.0,11640.85938249214
2014,20000,Petrol,Individual,Manual,First Owner,21.1,814,55.2,5.0,177484.54613465245
2018,30000,Petrol,Individual,Manual,First Owner,24.7,796,47.3,5.0,272877.7115223964
2018,30000,Petrol,Individual,Manual,First Owner,21.4,1197,83.1,5.0,603088.5585935926
2014,38000,Diesel,Individual,Manual,First Owner,22.1,1248,74.0,5.0,436886.538848085
2004,60000,Diesel,Individual,Manual,Third Owner,16.1,1405,70.0,5.0,-45237.68241150642
2013,40000,Petrol,Individual,Manual,Second Owner,21.1,814,55.2,5.0,77821.4945646287
2016,35000,Petrol,Individual,Manual,First Owner,17.0,1198,73.75,5.0,407268.9119949471
2010,90000,Diesel,Individual,Manual,First Owner,14.0,1948,90.0,9.0,447623.6895541786
2006,40000,Petrol,Individual,Manual,Third Owner,16.1,796,37.0,4.0,171269.17398850434
2015,60000,Diesel,Individual,Manual,First Owner,22.54,1396,88.73,5.0,611045.7457706118
2018,59000,Diesel,Individual,Manual,First Owner,24.2,1498,93.87,7.0,795911.9693665211
2016,60000,Petrol,Individual,Manual,First Owner,25.17,799,53.3,5.0,244156.5885516404
2018,15000,Petrol,Individual,Manual,First Owner,21.21,1197,81.8,5.0,597324.1216947613
2016,110000,Diesel,Individual,Manual,Second Owner,18.2,1248,73.74,7.0,392524.56071830064
2010,55000,Petrol,Individual,Manual,First Owner,19.0,998,67.1,5.0,120797.01202186453
2015,80000,Petrol,Individual,Manual,First Owner,19.49,1198,67.04,5.0,307541.8780296901
2010,120000,Diesel,Individual,Manual,Second Owner,11.8,1991,150.0,5.0,863040.339584584
2017,25538,Petrol,Trustmark Dealer,Manual,First Owner,16.78,1496,88.73,5.0,620199.8473175181
2018,50000,Diesel,Individual,Manual,First Owner,23.5,909,45.0,8.0,344976.25963457534
2016,80000,Diesel,Individual,Manual,First Owner,23.9,1582,126.2,5.0,1003821.9617640373
2016,68089,Petrol,Trustmark Dealer,Automatic,First Owner,19.16,2494,157.7,5.0,1578840.5275975666
2006,140000,Diesel,Individual,Manual,Second Owner,12.8,2494,102.0,8.0,367371.21982843184
2013,68697,Petrol,Individual,Manual,Third Owner,21.1,814,55.2,5.0,79959.24532984581
2011,116500,Diesel,Individual,Manual,First Owner,23.0,1396,90.0,5.0,453259.43418397894
2012,40000,Petrol,Individual,Manual,First Owner,18.5,1197,85.8,5.0,382301.0860940411
2015,160000,Diesel,Individual,Manual,Second Owner,13.5,2477,178.0,7.0,1337597.4684116093
2016,68089,Petrol,Trustmark Dealer,Automatic,First Owner,19.16,2494,157.7,5.0,1578840.5275975666
2017,51000,Petrol,Dealer,Automatic,First Owner,19.56,1197,81.8,5.0,932373.0156451016
2010,170000,Diesel,Individual,Manual,Second Owner,17.8,1399,68.0,5.0,93855.58168024966
2011,25000,Petrol,Individual,Manual,Second Owner,26.0,624,35.0,4.0,392068.6081502116
2018,28451,Petrol,Dealer,Manual,First Owner,18.6,1197,81.83,5.0,681145.2009939391
2017,60000,CNG,Individual,Manual,First Owner,21.94,1196,61.7,5.0,397683.547975625
2014,60000,Diesel,Individual,Manual,Second Owner,12.99,2494,100.6,7.0,644549.9640273224
2018,64000,Petrol,Dealer,Manual,First Owner,20.65,1462,103.25,5.0,895512.350027502
2016,56494,Petrol,Trustmark Dealer,Manual,First Owner,18.2,1199,88.7,5.0,556639.6949119788
2017,32000,Diesel,Individual,Manual,First Owner,16.3,1956,170.0,5.0,1430127.7407690815
2018,100000,Diesel,Dealer,Automatic,First Owner,12.9,2755,174.5,7.0,1917556.4722483256
2018,69779,Petrol,Dealer,Automatic,First Owner,22.0,1197,81.8,5.0,978879.4979647949
2016,16151,Petrol,Dealer,Manual,First Owner,17.8,1497,117.3,5.0,955034.1672035336
2007,74800,Petrol,Individual,Manual,Second Owner,18.2,998,67.1,5.0,-57497.90052114427
2016,11000,Petrol,Dealer,Automatic,First Owner,14.3,1598,103.5,5.0,1102375.4817622567
2018,65000,Diesel,Individual,Manual,First Owner,23.0,1498,98.96,5.0,821645.147262582
2009,180000,Diesel,Individual,Manual,First Owner,13.6,1991,142.0,5.0,791681.3672109228
2013,58343,Petrol,Trustmark Dealer,Manual,First Owner,21.79,998,67.05,5.0,263993.0120623901
2017,58559,Diesel,Dealer,Manual,First Owner,25.2,1248,74.0,5.0,671823.6447576608
2016,53000,Diesel,Dealer,Manual,First Owner,22.54,1396,88.73,5.0,762448.6659291706
2008,120000,Diesel,Individual,Manual,Second Owner,11.57,2179,138.1,7.0,702939.0610677842
2017,40000,Petrol,Individual,Manual,First Owner,24.7,796,47.3,5.0,231696.76350930124
2017,40000,Diesel,Dealer,Manual,First Owner,18.49,1493,100.0,7.0,889952.8746567316
2012,96000,Diesel,Individual,Manual,Second Owner,20.77,1248,88.8,7.0,413471.6422961148
2018,46000,Diesel,Individual,Manual,First Owner,28.4,1248,74.0,5.0,628743.5795628931
2017,28832,Diesel,Dealer,Manual,First Owner,23.4,1248,74.0,5.0,672217.449103771
2018,70000,Diesel,Individual,Manual,First Owner,16.5,1493,70.0,7.0,509506.75241016626
2019,3100,Petrol,Individual,Automatic,First Owner,18.2,1199,88.7,5.0,969053.4056434422
2004,46000,Petrol,Individual,Manual,Fourth & Above Owner,16.1,796,37.0,4.0,94976.63624445815
2013,68000,Diesel,Individual,Manual,Second Owner,25.44,936,57.6,5.0,185863.176347813
2010,70000,LPG,Individual,Manual,Third Owner,13.45,1086,62.1,5.0,143796.66890731
2017,71000,Diesel,Individual,Manual,First Owner,27.39,1248,74.0,5.0,571666.9311776705
2020,2000,Petrol,Dealer,Manual,First Owner,20.7,1197,81.86,5.0,784246.2743374673
2016,110000,Diesel,Individual,Manual,First Owner,23.0,1248,88.7,5.0,613700.2038022527
2019,40000,Diesel,Individual,Manual,First Owner,24.3,1248,88.5,5.0,766408.4242148292
2018,50000,Diesel,Individual,Manual,First Owner,24.3,1248,88.5,5.0,725227.4762017342
2009,160000,Petrol,Individual,Manual,Third Owner,17.5,1197,85.8,5.0,168131.56339149817
2011,221889,Diesel,Dealer,Manual,First Owner,22.32,1582,126.32,5.0,851082.6071921443
2017,15000,Petrol,Individual,Automatic,First Owner,17.01,1591,121.3,5.0,1208443.877096897
2011,116500,Diesel,Individual,Manual,First Owner,23.0,1396,90.0,5.0,453259.43418397894
2019,5000,Petrol,Individual,Manual,First Owner,20.0,999,72.0,7.0,531722.6389864229
2017,25000,Petrol,Individual,Manual,First Owner,20.14,1197,81.86,5.0,547933.9522778704
2016,70000,Diesel,Individual,Manual,First Owner,24.3,1248,88.5,5.0,642865.5801755438
2011,100000,Diesel,Individual,Manual,Second Owner,23.0,1396,90.0,5.0,408258.6970886311
2014,48000,Petrol,Individual,Manual,First Owner,23.1,998,67.04,5.0,301736.1234244879
2017,5000,Petrol,Individual,Manual,Second Owner,18.15,1198,82.0,6.0,432868.72806983686
2006,270000,Diesel,Individual,Manual,Third Owner,12.8,2494,102.0,8.0,317973.01336128975
2009,95000,Petrol,Individual,Manual,Second Owner,19.0,998,66.1,5.0,1851.1547839014092
2017,60000,Diesel,Individual,Manual,First Owner,24.0,1186,73.97,5.0,544434.8036436443
2012,40000,Petrol,Individual,Manual,Second Owner,25.4,624,38.0,4.0,442946.1088484514
2014,70000,CNG,Individual,Manual,Second Owner,21.94,1196,61.7,5.0,230920.52467554016
2013,80000,Diesel,Individual,Manual,Second Owner,20.46,1461,83.8,5.0,418413.0650376043
2019,9000,Petrol,Dealer,Automatic,First Owner,21.63,998,67.04,5.0,892974.5912453561
2014,70000,Diesel,Individual,Manual,Second Owner,22.54,1396,88.73,5.0,516470.0022992979
2014,97000,Diesel,Individual,Manual,First Owner,26.0,1498,98.6,5.0,682260.9808779885
2016,100000,Diesel,Individual,Manual,First Owner,25.32,1198,77.0,6.0,470409.2323280162
2015,25000,Petrol,Individual,Manual,First Owner,15.85,1499,110.4,5.0,724042.7416478596
2014,95000,Diesel,Individual,Manual,Second Owner,14.02,2179,118.3,8.0,812997.2740421388
2018,58511,Diesel,Dealer,Manual,First Owner,24.3,1248,88.5,5.0,832645.8328539988
2013,40000,Petrol,Individual,Manual,First Owner,20.51,998,67.04,5.0,248518.59533528518
2012,110000,Diesel,Individual,Manual,Third Owner,19.01,1461,108.45,5.0,596445.9518490268
2016,72000,Diesel,Individual,Manual,First Owner,15.96,2523,63.0,9.0,488114.0022198959
2004,120000,Petrol,Individual,Manual,Third Owner,18.9,998,67.1,5.0,-166308.61766146938
2016,70000,Diesel,Individual,Manual,First Owner,24.3,1248,88.5,5.0,642865.5801755438
2009,300000,Diesel,Individual,Manual,First Owner,14.0,2498,112.0,7.0,507789.8997840895
2015,40000,Diesel,Individual,Manual,First Owner,15.96,2523,62.1,7.0,420103.072480049
2015,110000,Diesel,Individual,Manual,First Owner,14.1,2179,147.94,7.0,1124403.9885211491
2012,90000,Diesel,Individual,Manual,First Owner,23.0,1396,90.0,5.0,502834.4405599452
2015,30000,Petrol,Individual,Manual,First Owner,20.4,1197,81.8,5.0,474784.08340602455
2015,80000,Diesel,Individual,Manual,Second Owner,23.9,1582,126.2,5.0,914333.5263914331
2010,110000,Petrol,Individual,Automatic,Third Owner,16.95,1197,78.9,5.0,453525.1149438572
2016,40000,Diesel,Individual,Manual,First Owner,21.19,1396,88.73,5.0,646267.0745532238
2014,35000,Petrol,Individual,Manual,First Owner,20.51,998,67.04,5.0,287155.8892990254
2012,120000,Petrol,Individual,Manual,First Owner,18.6,1199,79.4,5.0,284283.81763206737
2013,69000,Diesel,Dealer,Manual,First Owner,18.6,1388,67.0,5.0,415245.16194766527
2011,250000,Diesel,Individual,Manual,Second Owner,12.8,2494,102.0,7.0,450806.90293218964
2009,100000,Petrol,Individual,Manual,First Owner,19.7,796,46.3,5.0,-137598.93953223852
2012,80000,Diesel,Individual,Manual,Fourth & Above Owner,21.5,1248,88.8,5.0,435513.15399060445
2011,110000,Diesel,Individual,Manual,Third Owner,23.08,1461,63.1,5.0,180600.35961679078
2017,13000,Petrol,Individual,Manual,First Owner,18.6,1197,81.83,5.0,541163.7962477936
2012,128000,Diesel,Individual,Manual,Second Owner,22.32,1582,126.32,5.0,769797.5140812101
2018,30000,Petrol,Individual,Manual,First Owner,24.7,796,47.3,5.0,272877.7115223964
2018,59736,Diesel,Dealer,Manual,First Owner,18.49,1493,100.0,7.0,916006.2033075036
2009,120000,Diesel,Individual,Manual,First Owner,18.1,1493,110.0,5.0,528892.05542995
2020,15000,Petrol,Individual,Manual,First Owner,22.05,796,47.3,5.0,331011.24429748266
2015,60000,Diesel,Dealer,Manual,First Owner,25.47,1248,88.5,7.0,740937.0473106226
2011,90400,Diesel,Individual,Manual,First Owner,20.0,1399,68.0,5.0,241841.38961060147
2012,145000,Diesel,Individual,Manual,Second Owner,12.99,2494,100.0,8.0,564727.7790595694
2018,120000,Petrol,Individual,Manual,First Owner,18.9,1197,81.86,5.0,525551.3579299214
2012,74000,Diesel,Individual,Manual,Second Owner,22.07,1199,73.9,5.0,288028.5565536198
2011,69000,Diesel,Individual,Manual,Second Owner,20.54,1598,103.6,5.0,543457.8931287962
2017,45000,Diesel,Dealer,Automatic,First Owner,19.33,1999,177.0,5.0,1918363.7618494928
2018,82000,Diesel,Individual,Manual,First Owner,28.09,1248,88.5,5.0,739961.3158989309
2016,50000,Diesel,Individual,Automatic,First Owner,17.45,1493,100.0,7.0,1019724.015084533
2018,18000,Diesel,Individual,Manual,First Owner,21.66,1498,108.62,5.0,922575.5073738757
2013,24019,Diesel,Individual,Manual,First Owner,22.9,1248,74.0,5.0,414451.79169269407
2012,162000,Diesel,Individual,Manual,Fourth & Above Owner,12.8,2494,102.0,7.0,547352.7798752554
2013,70000,Petrol,Individual,Manual,Second Owner,20.36,1197,78.9,5.0,302111.70989437855
2011,167000,Petrol,Individual,Manual,First Owner,19.33,1248,83.1,nan,357553.58057164657
2011,265000,Diesel,Individual,Manual,Second Owner,20.86,1199,75.0,5.0,154885.02032084076
2018,27000,Diesel,Dealer,Automatic,First Owner,17.05,1995,184.0,5.0,2008404.213761042
2011,50000,Diesel,Individual,Automatic,First Owner,17.05,1995,184.0,5.0,1632299.761158235
2015,80000,Diesel,Individual,Manual,Second Owner,19.09,1405,69.01,5.0,340330.73236429435
2019,10000,Petrol,Individual,Manual,First Owner,21.21,1197,81.8,5.0,635961.4156585017
2013,120000,Diesel,Individual,Manual,Second Owner,19.09,1405,69.01,5.0,247794.22014068463
2014,110000,Diesel,Individual,Manual,First Owner,23.4,1248,74.0,5.0,410895.7024099312
2012,30000,LPG,Individual,Manual,First Owner,19.2,1086,68.05,5.0,374236.63263587793
2018,90000,Petrol,Individual,Manual,First Owner,17.0,1497,121.36,5.0,908336.9428231897
2016,35000,Diesel,Individual,Manual,Second Owner,27.28,1047,69.0,5.0,438442.27601447736
2014,80000,Diesel,Individual,Manual,First Owner,19.01,1461,108.45,5.0,720553.1526160614
2017,76139,Diesel,Individual,Manual,First Owner,23.0,1498,98.96,5.0,779884.7548570437
2011,40000,Petrol,Individual,Manual,Second Owner,20.92,998,67.1,5.0,126838.0041609481
2013,95000,Diesel,Individual,Manual,Second Owner,12.99,2494,100.57,7.0,590377.5000833373
2012,80000,Diesel,Individual,Manual,Fourth & Above Owner,15.3,2956,83.8,7.0,479635.3947032931
2017,56290,Diesel,Dealer,Manual,First Owner,24.0,1186,73.97,5.0,658070.3595233421
2006,170000,Diesel,Individual,Manual,First Owner,13.6,2523,63.0,7.0,18011.012937565567
2016,15000,Petrol,Individual,Manual,First Owner,23.95,998,67.05,5.0,397758.0746365312
2018,29000,Petrol,Dealer,Automatic,First Owner,17.4,1197,81.86,5.0,962530.1410181707
2016,140000,Petrol,Individual,Manual,First Owner,15.4,1497,117.3,7.0,768396.8493285594
2018,15000,Diesel,Individual,Manual,First Owner,25.5,1498,98.6,5.0,864260.0123785823
2015,45000,Petrol,Individual,Manual,First Owner,17.19,1197,81.86,5.0,441432.4743101101
2011,150000,Diesel,Individual,Manual,Fourth & Above Owner,23.0,1396,90.0,5.0,398506.0823551173
2010,65000,Petrol,Individual,Manual,First Owner,15.64,1193,64.1,5.0,76034.06833706982
2014,80000,Diesel,Individual,Manual,Second Owner,22.54,1396,88.73,5.0,511382.69420058816
2015,90000,Diesel,Individual,Manual,First Owner,26.21,1248,88.5,5.0,612226.6805072639
2005,140000,Petrol,Individual,Manual,Second Owner,18.9,998,67.1,5.0,-157126.39276058762
2015,50000,Diesel,Individual,Manual,First Owner,19.67,1582,126.2,5.0,948376.5405143095
2016,68089,Petrol,Trustmark Dealer,Automatic,First Owner,19.16,2494,157.7,5.0,1578840.5275975666
2016,56494,Petrol,Trustmark Dealer,Manual,First Owner,18.2,1199,88.7,5.0,556639.6949119788
2008,80000,Diesel,Individual,Manual,Second Owner,17.2,1396,53.5,5.0,-69757.39510095399
2011,80000,Petrol,Individual,Manual,First Owner,26.0,624,35.0,4.0,417483.20906552696
2006,110000,Diesel,Individual,Manual,Fourth & Above Owner,17.88,1396,52.8,5.0,-142334.02788492315
2018,69779,Petrol,Dealer,Automatic,First Owner,22.0,1197,81.8,5.0,978879.4979647949
2019,8500,Diesel,Dealer,Automatic,First Owner,16.78,1995,190.0,5.0,2106349.125015322
2017,45000,Diesel,Dealer,Automatic,First Owner,19.33,1999,177.0,5.0,1918363.7618494928
2017,45000,Diesel,Individual,Manual,First Owner,17.6,2179,153.86,7.0,1312219.4346215865
2013,80000,Petrol,Individual,Manual,Second Owner,22.74,796,47.3,5.0,-2460.3259014599025
2012,158500,Diesel,Individual,Manual,Third Owner,19.33,1248,83.1,nan,416751.7002507752
2013,56000,Diesel,Individual,Manual,First Owner,23.4,1248,74.0,5.0,402273.5262285783
2016,50000,Petrol,Individual,Manual,First Owner,19.44,1198,67.0,7.0,365879.59989512456
2017,20000,Diesel,Individual,Manual,First Owner,28.4,1248,74.02,5.0,606059.1044945633
2006,50000,Petrol,Individual,Manual,Third Owner,14.0,1061,64.0,5.0,-121949.30543934996
2015,35000,Petrol,Individual,Manual,Second Owner,20.4,1197,83.11,5.0,430777.3621048321
2010,120000,Diesel,Individual,Manual,Second Owner,17.0,1405,71.0,5.0,140536.31735644583
2014,150000,Diesel,Individual,Manual,First Owner,13.0,2982,168.5,7.0,1308584.479021899
2009,150000,Diesel,Individual,Manual,Second Owner,13.6,2523,63.0,7.0,83071.75341992266
2019,60000,Diesel,Individual,Manual,First Owner,16.36,2179,120.0,7.0,1058225.6495058916
2003,40000,Petrol,Individual,Manual,First Owner,18.9,998,67.1,5.0,-125045.79614404263
2019,6500,Petrol,Individual,Manual,First Owner,20.0,999,72.0,7.0,530959.5427716165
2011,80000,Petrol,Individual,Manual,Second Owner,16.0,1198,90.0,5.0,290338.2002838226
2010,60000,Diesel,Individual,Manual,Second Owner,14.0,2498,112.0,7.0,612584.1386092894
2010,120000,Diesel,Individual,Manual,First Owner,18.8,1248,90.0,5.0,369523.48417141696
2012,70000,Diesel,Individual,Manual,Second Owner,15.3,2956,83.8,7.0,469038.7770419681
2011,120000,Diesel,Individual,Manual,First Owner,11.5,2982,171.0,7.0,1226061.5935520683
2014,142500,Diesel,Individual,Manual,First Owner,19.5,1248,75.0,5.0,371556.7949419761
2014,121000,Diesel,Individual,Manual,Third Owner,12.99,2494,100.6,7.0,630254.1834412774
2013,70000,Petrol,Individual,Manual,First Owner,21.1,814,55.2,5.0,115954.36572671845
2015,188000,Diesel,Individual,Manual,First Owner,16.0,2179,140.0,7.0,1027951.4883074817
2010,168000,Diesel,Individual,Manual,First Owner,14.0,2498,112.0,7.0,611036.0066014433
2008,120000,Petrol,Individual,Automatic,Second Owner,19.2,1197,80.0,5.0,387944.2821665193
2018,25000,Petrol,Individual,Manual,First Owner,17.0,1198,108.5,5.0,801053.0840229995
2012,72072,Diesel,Dealer,Manual,First Owner,21.1,1248,73.9,5.0,450020.2193606793
2016,75000,Diesel,Individual,Automatic,Third Owner,16.0,2179,140.0,7.0,1376084.1916091703
2015,94000,Diesel,Individual,Manual,Second Owner,24.5,1498,98.6,7.0,661967.2847550423
2019,2600,Diesel,Individual,Manual,First Owner,23.0,1498,98.96,5.0,889483.5897129161
2009,60000,Petrol,Individual,Manual,First Owner,19.0,998,67.1,5.0,82159.71805812418
2015,120000,Diesel,Individual,Manual,First Owner,12.99,2494,100.6,7.0,703514.5508076684
2019,60000,Diesel,Individual,Manual,First Owner,22.54,1396,88.76,5.0,755693.5511122693
2002,80000,Petrol,Individual,Manual,Third Owner,16.1,796,37.0,4.0,6545.3819361238275
2011,100000,Diesel,Individual,Manual,Second Owner,20.54,1598,103.6,5.0,527687.2380227961
2015,60000,Diesel,Individual,Manual,First Owner,25.1,1498,98.6,5.0,729813.042538138
2017,35000,Diesel,Individual,Manual,First Owner,28.4,1248,74.02,5.0,598428.1423464988
2010,120000,Diesel,Individual,Manual,Second Owner,17.8,1248,75.0,5.0,171322.93752266187
2019,5400,Diesel,Dealer,Manual,Test Drive Car,22.27,1498,108.6,5.0,2017732.0256898466
2006,100000,Petrol,Individual,Manual,Third Owner,15.3,1341,83.0,5.0,58052.05948574713
2011,50000,Petrol,Individual,Manual,First Owner,17.0,1497,118.0,5.0,645427.1791963831
2016,70000,Diesel,Individual,Manual,First Owner,16.0,2179,140.0,7.0,1124075.363786642
2014,120000,Diesel,Individual,Manual,First Owner,15.4,2523,75.0,7.0,456224.1828313625
2018,23300,Petrol,Dealer,Automatic,First Owner,18.5,1197,83.14,5.0,986089.5892027101
2017,35000,Diesel,Individual,Manual,First Owner,15.96,2523,62.1,7.0,494834.0063581748
2014,80000,Diesel,Individual,Manual,First Owner,20.45,1461,83.8,5.0,507819.6713188813
2019,1303,Petrol,Dealer,Manual,First Owner,17.8,1198,86.7,5.0,768938.0793628253
2012,75000,Diesel,Individual,Manual,First Owner,25.44,936,57.6,5.0,199603.21622254956
2015,31000,Diesel,Individual,Manual,Second Owner,25.2,1248,74.0,5.0,448513.5172848286
2011,70000,Petrol,Individual,Manual,Second Owner,14.0,796,35.0,5.0,-253109.65393902664
2019,4000,Petrol,Individual,Manual,First Owner,20.3,1086,68.0,5.0,497254.1880841573
2002,70000,Petrol,Individual,Manual,Second Owner,16.1,796,37.0,4.0,-5104.108781250659
2010,100000,Petrol,Individual,Manual,Second Owner,15.0,1368,90.0,5.0,249089.06722876593
2010,70000,Petrol,Individual,Manual,Fourth & Above Owner,20.36,1197,78.9,5.0,209514.71591125685
2015,22000,Petrol,Individual,Manual,First Owner,22.74,796,47.3,5.0,152628.1363580462
2012,57728,Petrol,Trustmark Dealer,Automatic,First Owner,14.53,1794,138.1,5.0,1168968.235938818
2016,30000,Diesel,Individual,Manual,Second Owner,27.3,1498,98.6,5.0,745776.2113824519
2012,40000,Petrol,Individual,Manual,First Owner,20.36,1197,78.9,5.0,334674.789734341
2013,100000,Diesel,Individual,Manual,Third Owner,22.9,1248,74.0,5.0,339139.9193857532
2013,70000,Petrol,Individual,Manual,First Owner,19.81,1086,68.05,5.0,243561.89914484601
2004,60000,Petrol,Individual,Manual,First Owner,19.7,796,46.3,5.0,-297717.90670932713
2013,79328,Diesel,Trustmark Dealer,Manual,Second Owner,12.99,2494,100.6,7.0,612864.4354077124
2016,78000,Diesel,Individual,Manual,First Owner,27.39,1248,74.0,5.0,532012.1755941882
2017,35000,Petrol,Individual,Manual,First Owner,17.57,1193,88.7,5.0,583805.9476348701
2010,77000,Petrol,Individual,Manual,First Owner,18.9,998,67.1,5.0,108786.64329142962
2009,70000,Diesel,Individual,Manual,First Owner,19.09,1396,69.0,5.0,181460.98342429113
2018,31000,Petrol,Dealer,Manual,First Owner,23.01,999,67.0,5.0,565484.141037025
2009,110000,Petrol,Individual,Manual,Second Owner,15.7,1172,67.0,5.0,-11073.36873772135
2010,120000,Diesel,Individual,Manual,First Owner,12.8,2494,102.0,7.0,534243.0637592494
2013,87185,Diesel,Individual,Manual,Second Owner,22.32,1582,126.3,5.0,826472.8382110689
2016,60000,Diesel,Dealer,Manual,Second Owner,13.68,2393,147.8,7.0,1256194.5984404928
2016,40000,Petrol,Individual,Manual,First Owner,20.51,998,67.04,5.0,356799.5150784415
2013,116000,Diesel,Individual,Manual,Second Owner,23.4,1248,74.0,5.0,318354.8821781012
2015,170000,Diesel,Individual,Manual,First Owner,15.4,2179,120.0,7.0,850035.1079951169
2017,40000,Petrol,Individual,Manual,First Owner,20.51,998,67.04,5.0,392893.154992827
2015,96500,Diesel,Individual,Manual,First Owner,20.5,1248,91.72,5.0,591523.889190257
2003,35000,Petrol,Individual,Manual,Fourth & Above Owner,16.1,796,37.0,4.0,64479.03523865342
2013,200000,Diesel,Individual,Manual,Second Owner,20.07,1461,75.0,8.0,322849.7240234844
2018,15000,Petrol,Individual,Manual,First Owner,21.21,1197,81.8,5.0,597324.1216947613
2011,70000,Petrol,Individual,Manual,First Owner,18.5,1197,80.0,5.0,278118.0229545103
2010,120600,Petrol,Individual,Manual,Second Owner,18.9,998,67.1,5.0,33211.18452283647
2013,56429,Diesel,Dealer,Manual,Second Owner,19.01,1461,108.45,5.0,754804.1757380022
2018,19100,Petrol,Individual,Manual,First Owner,19.0,1194,94.68,5.0,694234.5995326051
2013,170000,Diesel,Individual,Manual,First Owner,20.45,1461,83.8,5.0,425940.2585161084
2011,10000,Petrol,Individual,Manual,Third Owner,26.0,624,35.0,4.0,416436.3691143604
2008,60000,Diesel,Individual,Automatic,Third Owner,11.0,2993,235.0,5.0,1974788.2942712642
2018,22000,Diesel,Dealer,Automatic,First Owner,18.0,1969,190.0,5.0,2071351.6339747536
2015,30000,Petrol,Individual,Manual,Second Owner,18.9,1197,81.86,5.0,409661.4156169336
2013,70000,Diesel,Individual,Manual,Third Owner,22.32,1582,126.32,5.0,852134.3397841962
2015,60000,Diesel,Individual,Manual,First Owner,22.95,1248,74.0,5.0,468743.5737081343
2012,80000,Diesel,Individual,Manual,Second Owner,19.3,1248,73.9,5.0,266114.80502780294
2012,135000,Diesel,Individual,Manual,First Owner,21.9,1396,88.76,5.0,459646.1991262975
2016,25000,Petrol,Individual,Manual,First Owner,17.19,1197,81.86,5.0,487700.73042191495
2012,90000,Diesel,Individual,Manual,Fourth & Above Owner,21.43,1364,87.2,5.0,424288.3845937719
2016,30000,Diesel,Individual,Manual,First Owner,18.49,1493,100.0,7.0,747198.3782659795
2014,50000,Petrol,Individual,Manual,First Owner,23.1,998,67.04,5.0,300718.661804746
2019,20000,Petrol,Individual,Manual,Second Owner,20.3,1086,68.0,5.0,435719.6996680029
2011,157000,Diesel,Individual,Manual,Second Owner,22.32,1582,126.3,5.0,718768.5168911561
2011,93468,Diesel,Individual,Automatic,Second Owner,11.4,2953,153.86,7.0,1318190.1526438768
2011,140000,Diesel,Individual,Manual,Second Owner,13.5,2179,115.0,5.0,598683.5717803101
2013,200000,Diesel,Individual,Automatic,First Owner,11.18,2696,184.0,7.0,1642338.3416159805
2018,50000,Diesel,Individual,Automatic,First Owner,11.2,1969,235.0,5.0,2299583.7507940903
2012,178000,Diesel,Individual,Manual,Second Owner,22.3,1248,74.0,5.0,241718.7320057064
2010,120000,Petrol,Individual,Manual,First Owner,20.36,1197,78.9,5.0,221789.0451158923
2015,155000,Diesel,Individual,Automatic,First Owner,14.81,1998,163.7,5.0,1520264.600109078
2007,90000,Diesel,Individual,Manual,Fourth & Above Owner,16.8,1493,110.0,5.0,423618.04832656786
2009,80000,Petrol,Individual,Manual,First Owner,16.6,1197,85.0,5.0,230836.85502743232
2019,3500,Petrol,Individual,Manual,First Owner,18.6,1197,81.86,5.0,618457.2644544543
2014,51000,Diesel,Individual,Automatic,First Owner,14.74,2993,270.9,5.0,2590174.7898366507
2015,91500,Diesel,Individual,Manual,Second Owner,24.0,1120,70.0,5.0,361542.70079771965
2018,22000,Petrol,Individual,Manual,First Owner,24.7,796,47.3,5.0,276947.55800136423
2015,22500,Petrol,Individual,Manual,First Owner,20.51,998,67.04,5.0,329608.664336798
2020,5000,Petrol,Individual,Manual,First Owner,18.6,1197,81.86,5.0,653787.8081540333
2013,100000,Diesel,Individual,Manual,Third Owner,22.9,1248,74.0,5.0,339139.9193857532
2005,190000,Petrol,Individual,Automatic,Second Owner,19.33,1248,83.1,nan,367106.61551410076
2015,63000,Diesel,Individual,Manual,First Owner,22.77,1498,98.59,5.0,709129.589934546
2016,27500,Petrol,Individual,Manual,First Owner,25.17,799,53.3,5.0,260690.33987244696
2018,2000,Diesel,Dealer,Automatic,First Owner,16.8,1984,150.0,5.0,1708544.0655852782
2017,50000,Diesel,Individual,Manual,Second Owner,15.4,1997,120.0,7.0,915741.34920615
2016,40000,Petrol,Individual,Manual,First Owner,18.6,1197,81.83,5.0,491334.4244668919
2015,80000,Diesel,Individual,Manual,Second Owner,15.4,2179,120.0,7.0,842426.0854252855
2010,80000,Petrol,Individual,Manual,Second Owner,14.0,1595,102.0,5.0,378007.6438632951
2012,73000,Diesel,Individual,Manual,First Owner,20.77,1248,88.76,7.0,478202.9188025453
2014,15000,Petrol,Individual,Manual,Second Owner,22.74,796,47.3,5.0,66700.81665453874
2011,25000,Petrol,Individual,Manual,Second Owner,16.95,1498,97.7,5.0,419522.92128962406
2011,60000,Petrol,Individual,Manual,First Owner,18.9,998,67.1,5.0,153528.70697362162
2016,85000,Diesel,Individual,Automatic,Second Owner,12.62,2198,158.0,7.0,1492024.783539798
2016,110000,Diesel,Individual,Manual,Second Owner,18.2,1248,73.74,7.0,392524.56071830064
2014,160000,Diesel,Individual,Manual,First Owner,14.95,2489,93.7,7.0,599875.3779876209
2010,20000,Petrol,Individual,Manual,First Owner,19.7,796,46.3,5.0,-60806.83482817537
2012,110000,Diesel,Individual,Manual,First Owner,25.44,936,57.6,5.0,181797.63787706546
2016,90000,Diesel,Individual,Manual,First Owner,24.3,1248,88.5,5.0,632690.9639781243
2014,80000,Diesel,Individual,Manual,Second Owner,22.32,1582,126.32,5.0,866403.8727837877
2014,40000,Petrol,Individual,Manual,Second Owner,22.74,796,47.3,5.0,53982.54640776443
2010,50000,Petrol,Individual,Manual,Second Owner,18.5,1197,80.0,5.0,198804.20377932547
2011,298000,Diesel,Individual,Manual,Second Owner,13.1,2499,141.0,7.0,784450.3812128822
2019,20000,Petrol,Dealer,Automatic,First Owner,22.37,2487,214.56,5.0,2352708.285963419
2017,16200,Diesel,Individual,Manual,First Owner,24.3,1248,88.5,5.0,706328.9376609875
2015,57000,Diesel,Dealer,Manual,First Owner,23.65,1248,88.5,5.0,719814.7144282793
2017,75000,Diesel,Individual,Manual,First Owner,24.3,1248,88.5,5.0,676415.5660405743
2015,30000,Petrol,Individual,Manual,First Owner,20.4,1197,81.8,5.0,474784.08340602455
2011,120000,Diesel,Individual,Manual,Second Owner,12.8,2494,102.0,8.0,558014.0355977784
2016,40000,Petrol,Individual,Automatic,First Owner,10.75,2694,163.7,7.0,1588007.7112111254
2018,2388,Petrol,Individual,Manual,First Owner,18.6,1197,81.83,5.0,582656.0875165298
2017,25000,Diesel,Individual,Manual,First Owner,19.67,1582,126.2,5.0,1033282.0905898547
2011,100000,Diesel,Individual,Manual,Second Owner,20.54,1598,103.6,5.0,527687.2380227961
2017,35000,Petrol,Individual,Manual,First Owner,20.51,998,67.04,5.0,395436.8090421818
2004,40000,Diesel,Individual,Manual,Second Owner,16.8,1405,62.0,5.0,-118937.34440141683
2018,10000,Petrol,Individual,Manual,First Owner,25.17,799,53.3,5.0,341780.4088739599
2011,89000,Diesel,Individual,Manual,Second Owner,21.1,1248,73.9,5.0,240171.82426350284
2017,40000,Diesel,Individual,Manual,Second Owner,18.2,1248,73.74,7.0,464229.3573236541
2017,40000,Diesel,Individual,Manual,First Owner,25.0,1396,69.0,5.0,533833.0200099711
2018,35000,Diesel,Individual,Automatic,First Owner,10.91,3198,197.0,7.0,2061929.0269329567
2016,70000,Petrol,Individual,Manual,First Owner,18.9,1197,82.0,5.0,480075.7651205718
2010,151000,Diesel,Individual,Manual,Second Owner,11.5,2982,171.0,7.0,1120802.503073464
2017,37000,Diesel,Dealer,Automatic,First Owner,13.5,2987,254.79,5.0,2659980.411721131
2011,47000,Petrol,Individual,Manual,First Owner,18.5,1197,85.8,5.0,342646.3305105589
2019,8500,Diesel,Dealer,Automatic,First Owner,16.78,1995,190.0,5.0,2106349.125015322
2018,30000,Petrol,Individual,Automatic,First Owner,23.1,998,67.04,5.0,746478.3161737252
2012,35000,Petrol,Individual,Manual,First Owner,18.9,998,67.1,5.0,202340.61713478132
2015,80000,Diesel,Individual,Manual,Second Owner,26.0,1498,98.6,5.0,673608.2491019617
2017,5000,Petrol,Individual,Manual,First Owner,25.17,799,53.3,5.0,308230.42300892924
2006,100000,Petrol,Individual,Manual,Second Owner,19.33,1248,83.1,nan,157775.5498028556
2016,120000,Petrol,Individual,Manual,Second Owner,16.2,1199,74.0,5.0,306440.37677201664
2017,30000,Petrol,Individual,Manual,First Owner,20.4,1197,81.8,5.0,546971.3632347955
2010,70000,Petrol,Individual,Manual,Second Owner,16.1,796,37.0,4.0,283645.01053383294
2015,39414,Petrol,Dealer,Manual,First Owner,18.9,1197,81.86,5.0,570015.1838061035
2014,50000,Diesel,Individual,Manual,Second Owner,21.79,1248,88.73,5.0,509013.90274102683
2019,15000,Petrol,Individual,Manual,First Owner,23.95,998,67.05,5.0,506038.9943796876
2013,90000,Diesel,Individual,Manual,Second Owner,20.77,1248,88.76,7.0,452253.3394909053
2016,68089,Petrol,Trustmark Dealer,Automatic,First Owner,19.16,2494,157.7,5.0,1578840.5275975666
2016,50000,Diesel,Individual,Automatic,Second Owner,26.59,1248,74.0,5.0,777525.9940201861
2015,120000,Diesel,Individual,Manual,First Owner,24.2,1498,98.6,7.0,699680.2064167951
2013,27000,Petrol,Individual,Manual,First Owner,20.92,998,67.1,5.0,259033.57997626043
2005,55425,Petrol,Individual,Manual,Second Owner,16.1,796,37.0,4.0,110591.56251577497
2007,120000,Petrol,Individual,Manual,Third Owner,17.7,1497,78.0,5.0,70183.92377785163
2019,15000,Petrol,Individual,Manual,First Owner,25.17,799,53.3,5.0,375330.39473899046
2010,50000,Petrol,Individual,Manual,First Owner,18.0,995,62.0,5.0,68473.01360019366
2016,30000,Petrol,Individual,Manual,Second Owner,18.9,1197,82.0,5.0,447030.20205719175
2017,70000,Diesel,Individual,Manual,First Owner,17.6,2179,153.86,7.0,1299501.1643748125
1999,140000,Petrol,Individual,Manual,Third Owner,19.33,1248,83.1,nan,-98492.36317659705
2017,31000,Diesel,Dealer,Automatic,First Owner,21.66,1498,103.52,5.0,1236375.2437206097
2018,70000,Diesel,Individual,Manual,First Owner,25.1,1248,88.5,5.0,721599.1873105031
2014,60000,Petrol,Individual,Manual,Second Owner,22.74,796,47.3,5.0,43807.93021034496
2019,15000,Diesel,Individual,Manual,First Owner,22.1,1396,88.7,5.0,774439.4661698281
2009,150000,Diesel,Individual,Manual,First Owner,13.93,2179,138.0,7.0,795566.4187504633
2011,35000,Petrol,Individual,Manual,Second Owner,20.92,998,67.1,5.0,129381.65821030294
2011,110000,Petrol,Individual,Manual,Third Owner,16.8,1497,116.4,5.0,562035.648982611
2018,40000,Diesel,Individual,Automatic,First Owner,16.25,1968,148.0,7.0,1561260.2377553685
2009,70000,Petrol,Individual,Manual,Second Owner,19.7,796,46.3,5.0,-175731.81069432828
2017,35000,Diesel,Individual,Manual,First Owner,20.65,1248,88.7,5.0,668718.8179950325
2009,90000,Petrol,Individual,Manual,Third Owner,17.5,1298,85.8,5.0,211586.280383277
2017,50000,Diesel,Individual,Manual,First Owner,24.52,1248,88.5,7.0,698689.706986928
2016,25000,Diesel,Individual,Manual,First Owner,16.0,2179,140.0,7.0,1146968.2502308358
2013,82246,Petrol,Dealer,Manual,First Owner,20.36,1197,78.9,5.0,461024.7524299938
2005,200000,Diesel,Individual,Manual,Second Owner,12.8,2494,102.0,8.0,300753.73132178816
2015,90000,Diesel,Individual,Manual,First Owner,15.4,2179,120.0,7.0,890733.5727847946
2017,50000,Diesel,Individual,Automatic,First Owner,15.04,2755,174.5,7.0,1812662.6337964663
2018,120000,Petrol,Individual,Manual,First Owner,20.3,998,68.05,5.0,395769.19056488527
2014,90000,Diesel,Individual,Manual,First Owner,23.4,1248,74.0,5.0,421070.3186073507
2006,60000,Petrol,Individual,Manual,Third Owner,11.9,2354,144.0,5.0,684847.5385777552
2018,40000,Petrol,Individual,Manual,First Owner,20.14,1197,81.86,5.0,576396.6300441913
2001,80000,Petrol,Individual,Manual,Second Owner,19.33,1248,83.1,nan,-12518.033571652137
2012,108000,Diesel,Individual,Manual,First Owner,19.3,1248,73.9,5.0,305265.13780963456
2011,80000,Diesel,Individual,Manual,First Owner,13.6,2523,63.0,7.0,244264.98539788031
2012,70000,Diesel,Individual,Manual,First Owner,23.2,1248,73.94,5.0,356874.58178122086
2006,140000,Petrol,Individual,Manual,Third Owner,17.7,1497,78.0,5.0,23915.667666046764
2013,60000,Diesel,Individual,Manual,Second Owner,21.27,1396,88.76,5.0,475344.6215691636
2013,60000,Diesel,Individual,Manual,Second Owner,25.0,1396,69.01,5.0,325980.13059149624
2014,50000,Petrol,Individual,Manual,First Owner,22.74,796,47.3,5.0,102290.03376727342
2008,90000,Petrol,Individual,Manual,Second Owner,18.9,998,67.1,5.0,-23408.932523882715
2007,70000,Petrol,Individual,Manual,Second Owner,19.7,796,46.3,5.0,-247919.09052309906
2012,26000,Petrol,Individual,Manual,First Owner,19.4,1198,86.8,5.0,405973.7841350961
2006,150000,Petrol,Individual,Manual,Second Owner,19.7,796,46.3,5.0,-324711.19522716245
1999,100000,Petrol,Individual,Manual,First Owner,16.1,796,37.0,4.0,-75252.15736231767
2010,143000,Petrol,Individual,Manual,First Owner,17.5,1298,85.8,5.0,257375.1840166354
2008,100000,Petrol,Individual,Manual,Second Owner,19.81,1086,68.05,5.0,-5563.020181429107
2017,50000,Petrol,Individual,Manual,Second Owner,18.6,1197,81.83,5.0,468945.9608243488
2009,40000,Diesel,Individual,Manual,First Owner,23.0,1396,90.0,5.0,419990.0613103374
2012,25000,Petrol,Individual,Manual,First Owner,20.36,1197,78.9,5.0,342305.7518824056
2016,110000,Diesel,Individual,Manual,First Owner,26.0,1498,98.6,5.0,747834.7601784368
